web-scraper-order,web-scraper-start-url,Clave,Razon-social
"1615211503-205","https://www.biva.mx/empresas/emisoras_inscritas/emisoras_inscritas?instrumento=null&tipo_valor=null&sector=null&sub_sector=null&ramo=null&sub_ramo=null&emisora_id=null&canceladas=false&biva=false&subTab=null&page=14","FIDEAL","BANCO INVEX, S.A., INSTITUCION DE BANCA MULTIPLE, INVEX GRUPO FINANCIERO"
"1615211536-317","https://www.biva.mx/empresas/emisoras_inscritas/emisoras_inscritas?instrumento=null&tipo_valor=null&sector=null&sub_sector=null&ramo=null&sub_ramo=null&emisora_id=null&canceladas=false&biva=false&subTab=null&page=3","ANB","ANHEUSER-BUSCH INBEV SA/NV"
"1615211471-90","https://www.biva.mx/empresas/emisoras_inscritas/emisoras_inscritas?instrumento=null&tipo_valor=null&sector=null&sub_sector=null&ramo=null&sub_ramo=null&emisora_id=null&canceladas=false&biva=false&subTab=null&page=26","ORBIA","ORBIA ADVANCE CORPORATION, S.A.B. DE C.V."
"1615211458-36","https://www.biva.mx/empresas/emisoras_inscritas/emisoras_inscritas?instrumento=null&tipo_valor=null&sector=null&sub_sector=null&ramo=null&sub_ramo=null&emisora_id=null&canceladas=false&biva=false&subTab=null&page=31","TEAK","PROTEAK UNO, S.A.B. DE C.V."
"1615211455-29","https://www.biva.mx/empresas/emisoras_inscritas/emisoras_inscritas?instrumento=null&tipo_valor=null&sector=null&sub_sector=null&ramo=null&sub_ramo=null&emisora_id=null&canceladas=false&biva=false&subTab=null&page=32","URBI","URBI DESARROLLOS URBANOS, S.A.B. DE C.V."
"1615211471-88","https://www.biva.mx/empresas/emisoras_inscritas/emisoras_inscritas?instrumento=null&tipo_valor=null&sector=null&sub_sector=null&ramo=null&sub_ramo=null&emisora_id=null&canceladas=false&biva=false&subTab=null&page=26","ODOCK","CIBANCO, S.A., INSTITUCIÓN DE BANCA MÚLTIPLE"
"1615211479-117","https://www.biva.mx/empresas/emisoras_inscritas/emisoras_inscritas?instrumento=null&tipo_valor=null&sector=null&sub_sector=null&ramo=null&sub_ramo=null&emisora_id=null&canceladas=false&biva=false&subTab=null&page=23","LEXPI","CIBANCO, S.A., INSTITUCIÓN DE BANCA MÚLTIPLE"
"1615211522-265","https://www.biva.mx/empresas/emisoras_inscritas/emisoras_inscritas?instrumento=null&tipo_valor=null&sector=null&sub_sector=null&ramo=null&sub_ramo=null&emisora_id=null&canceladas=false&biva=false&subTab=null&page=8","CHDRAUI","GRUPO COMERCIAL CHEDRAUI, S.A.B. DE C.V."
"1615211536-316","https://www.biva.mx/empresas/emisoras_inscritas/emisoras_inscritas?instrumento=null&tipo_valor=null&sector=null&sub_sector=null&ramo=null&sub_ramo=null&emisora_id=null&canceladas=false&biva=false&subTab=null&page=3","AMX","AMERICA MOVIL, S.A.B. DE C.V."
"1615211514-237","https://www.biva.mx/empresas/emisoras_inscritas/emisoras_inscritas?instrumento=null&tipo_valor=null&sector=null&sub_sector=null&ramo=null&sub_ramo=null&emisora_id=null&canceladas=false&biva=false&subTab=null&page=11","DLRTRAC","ACTINVER CASA DE BOLSA, S.A. DE C.V. , GRUPO FINANCIERO ACTINVER"
"1615211514-234","https://www.biva.mx/empresas/emisoras_inscritas/emisoras_inscritas?instrumento=null&tipo_valor=null&sector=null&sub_sector=null&ramo=null&sub_ramo=null&emisora_id=null&canceladas=false&biva=false&subTab=null&page=11","DELTACK","BANCO INVEX, S.A., INSTITUCION DE BANCA MULTIPLE, INVEX GRUPO FINANCIERO"
"1615211460-43","https://www.biva.mx/empresas/emisoras_inscritas/emisoras_inscritas?instrumento=null&tipo_valor=null&sector=null&sub_sector=null&ramo=null&sub_ramo=null&emisora_id=null&canceladas=false&biva=false&subTab=null&page=30","SCGCK","CIBANCO, S.A., INSTITUCIÓN DE BANCA MÚLTIPLE"
"1615211536-315","https://www.biva.mx/empresas/emisoras_inscritas/emisoras_inscritas?instrumento=null&tipo_valor=null&sector=null&sub_sector=null&ramo=null&sub_ramo=null&emisora_id=null&canceladas=false&biva=false&subTab=null&page=3","AMICK","BANCO INVEX, S.A., INSTITUCION DE BANCA MULTIPLE, INVEX GRUPO FINANCIERO"
"1615211522-271","https://www.biva.mx/empresas/emisoras_inscritas/emisoras_inscritas?instrumento=null&tipo_valor=null&sector=null&sub_sector=null&ramo=null&sub_ramo=null&emisora_id=null&canceladas=false&biva=false&subTab=null&page=8","CMOCTEZ","CORPORACION MOCTEZUMA, S.A.B. DE C.V."
"1615211463-57","https://www.biva.mx/empresas/emisoras_inscritas/emisoras_inscritas?instrumento=null&tipo_valor=null&sector=null&sub_sector=null&ramo=null&sub_ramo=null&emisora_id=null&canceladas=false&biva=false&subTab=null&page=29","RSRENCK","BANCO NACIONAL DE MÉXICO, S.A., INTEGRANTE DEL GRUPO FINANCIERO BANAMEX"
"1615211482-124","https://www.biva.mx/empresas/emisoras_inscritas/emisoras_inscritas?instrumento=null&tipo_valor=null&sector=null&sub_sector=null&ramo=null&sub_ramo=null&emisora_id=null&canceladas=false&biva=false&subTab=null&page=22","JAVER","SERVICIOS CORPORATIVOS JAVER, S.A.B. DE C.V."
"1615211455-27","https://www.biva.mx/empresas/emisoras_inscritas/emisoras_inscritas?instrumento=null&tipo_valor=null&sector=null&sub_sector=null&ramo=null&sub_ramo=null&emisora_id=null&canceladas=false&biva=false&subTab=null&page=32","UDITRAC","BANCO NACIONAL DE MÉXICO, S.A., INTEGRANTE DEL GRUPO FINANCIERO BANAMEX"
"1615211479-121","https://www.biva.mx/empresas/emisoras_inscritas/emisoras_inscritas?instrumento=null&tipo_valor=null&sector=null&sub_sector=null&ramo=null&sub_ramo=null&emisora_id=null&canceladas=false&biva=false&subTab=null&page=23","M5TRAC","BANCO NACIONAL DE MÉXICO, S.A., INTEGRANTE DEL GRUPO FINANCIERO BANAMEX"
"1615211482-128","https://www.biva.mx/empresas/emisoras_inscritas/emisoras_inscritas?instrumento=null&tipo_valor=null&sector=null&sub_sector=null&ramo=null&sub_ramo=null&emisora_id=null&canceladas=false&biva=false&subTab=null&page=22","KOF","COCA-COLA FEMSA, S.A.B. DE C.V."
"1615211526-278","https://www.biva.mx/empresas/emisoras_inscritas/emisoras_inscritas?instrumento=null&tipo_valor=null&sector=null&sub_sector=null&ramo=null&sub_ramo=null&emisora_id=null&canceladas=false&biva=false&subTab=null&page=7","CABLE","EMPRESAS CABLEVISION, S.A. DE C.V."
"1615211495-176","https://www.biva.mx/empresas/emisoras_inscritas/emisoras_inscritas?instrumento=null&tipo_valor=null&sector=null&sub_sector=null&ramo=null&sub_ramo=null&emisora_id=null&canceladas=false&biva=false&subTab=null&page=17","GDISPI","CIBANCO, S.A., INSTITUCIÓN DE BANCA MÚLTIPLE"
"1615211465-67","https://www.biva.mx/empresas/emisoras_inscritas/emisoras_inscritas?instrumento=null&tipo_valor=null&sector=null&sub_sector=null&ramo=null&sub_ramo=null&emisora_id=null&canceladas=false&biva=false&subTab=null&page=28","Q","QUÁLITAS CONTROLADORA, S.A.B. DE C.V."
"1615211539-326","https://www.biva.mx/empresas/emisoras_inscritas/emisoras_inscritas?instrumento=null&tipo_valor=null&sector=null&sub_sector=null&ramo=null&sub_ramo=null&emisora_id=null&canceladas=false&biva=false&subTab=null&page=2","AGUA","GRUPO ROTOPLAS, S.A.B. DE C.V."
"1615211511-224","https://www.biva.mx/empresas/emisoras_inscritas/emisoras_inscritas?instrumento=null&tipo_valor=null&sector=null&sub_sector=null&ramo=null&sub_ramo=null&emisora_id=null&canceladas=false&biva=false&subTab=null&page=12","EXI3CK","BANCO ACTINVER, S.A. INSTITUCIÓN DE BANCA MÚLTIPLE, GRUPO FINANCIERO ACTINVER"
"1615211493-167","https://www.biva.mx/empresas/emisoras_inscritas/emisoras_inscritas?instrumento=null&tipo_valor=null&sector=null&sub_sector=null&ramo=null&sub_ramo=null&emisora_id=null&canceladas=false&biva=false&subTab=null&page=18","GISSA","GRUPO INDUSTRIAL SALTILLO, S.A.B. DE C.V."
"1615211517-243","https://www.biva.mx/empresas/emisoras_inscritas/emisoras_inscritas?instrumento=null&tipo_valor=null&sector=null&sub_sector=null&ramo=null&sub_ramo=null&emisora_id=null&canceladas=false&biva=false&subTab=null&page=10","CSCK","BANCO NACIONAL DE MÉXICO, S.A., INTEGRANTE DEL GRUPO FINANCIERO BANAMEX"
"1615211534-307","https://www.biva.mx/empresas/emisoras_inscritas/emisoras_inscritas?instrumento=null&tipo_valor=null&sector=null&sub_sector=null&ramo=null&sub_ramo=null&emisora_id=null&canceladas=false&biva=false&subTab=null&page=4","AUTLAN","COMPAÑIA MINERA AUTLAN, S.A.B. DE C. V."
"1615211463-58","https://www.biva.mx/empresas/emisoras_inscritas/emisoras_inscritas?instrumento=null&tipo_valor=null&sector=null&sub_sector=null&ramo=null&sub_ramo=null&emisora_id=null&canceladas=false&biva=false&subTab=null&page=29","SALUD","MAC HEALTH S.A.P.I. DE C.V."
"1615211519-257","https://www.biva.mx/empresas/emisoras_inscritas/emisoras_inscritas?instrumento=null&tipo_valor=null&sector=null&sub_sector=null&ramo=null&sub_ramo=null&emisora_id=null&canceladas=false&biva=false&subTab=null&page=9","COXA","Cox Energy América, S.A.B. de C.V."
"1615211493-168","https://www.biva.mx/empresas/emisoras_inscritas/emisoras_inscritas?instrumento=null&tipo_valor=null&sector=null&sub_sector=null&ramo=null&sub_ramo=null&emisora_id=null&canceladas=false&biva=false&subTab=null&page=18","GMD","GRUPO MEXICANO DE DESARROLLO, S.A.B."
"1615211500-201","https://www.biva.mx/empresas/emisoras_inscritas/emisoras_inscritas?instrumento=null&tipo_valor=null&sector=null&sub_sector=null&ramo=null&sub_ramo=null&emisora_id=null&canceladas=false&biva=false&subTab=null&page=15","FRAGUA","CORPORATIVO FRAGUA, S.A.B. DE C.V."
"1615211531-297","https://www.biva.mx/empresas/emisoras_inscritas/emisoras_inscritas?instrumento=null&tipo_valor=null&sector=null&sub_sector=null&ramo=null&sub_ramo=null&emisora_id=null&canceladas=false&biva=false&subTab=null&page=5","BAFIRME","BANCA AFIRME, S.A., INSTITUCION DE BANCA MULTIPLE, AFIRME GRUPO FINANCIERO"
"1615211471-92","https://www.biva.mx/empresas/emisoras_inscritas/emisoras_inscritas?instrumento=null&tipo_valor=null&sector=null&sub_sector=null&ramo=null&sub_ramo=null&emisora_id=null&canceladas=false&biva=false&subTab=null&page=26","PASA","PROMOTORA AMBIENTAL, S.A.B. DE C.V."
"1615211503-212","https://www.biva.mx/empresas/emisoras_inscritas/emisoras_inscritas?instrumento=null&tipo_valor=null&sector=null&sub_sector=null&ramo=null&sub_ramo=null&emisora_id=null&canceladas=false&biva=false&subTab=null&page=14","FINSACK","BANCO INVEX, S.A., INSTITUCION DE BANCA MULTIPLE, INVEX GRUPO FINANCIERO"
"1615211485-140","https://www.biva.mx/empresas/emisoras_inscritas/emisoras_inscritas?instrumento=null&tipo_valor=null&sector=null&sub_sector=null&ramo=null&sub_ramo=null&emisora_id=null&canceladas=false&biva=false&subTab=null&page=21","INGEAL","INGEAL, S.A.B. DE C.V."
"1615211490-155","https://www.biva.mx/empresas/emisoras_inscritas/emisoras_inscritas?instrumento=null&tipo_valor=null&sector=null&sub_sector=null&ramo=null&sub_ramo=null&emisora_id=null&canceladas=false&biva=false&subTab=null&page=19","GRANDCK","BANCO INVEX, S.A., INSTITUCION DE BANCA MULTIPLE, INVEX GRUPO FINANCIERO"
"1615211495-182","https://www.biva.mx/empresas/emisoras_inscritas/emisoras_inscritas?instrumento=null&tipo_valor=null&sector=null&sub_sector=null&ramo=null&sub_ramo=null&emisora_id=null&canceladas=false&biva=false&subTab=null&page=17","GFMEGA","OPERADORA DE SERVICIOS MEGA, S.A. DE C.V., SOCIEDAD FINANCIERA DE OBJETO MÚLTIPLE, ENTIDAD REGULADA"
"1615211485-141","https://www.biva.mx/empresas/emisoras_inscritas/emisoras_inscritas?instrumento=null&tipo_valor=null&sector=null&sub_sector=null&ramo=null&sub_ramo=null&emisora_id=null&canceladas=false&biva=false&subTab=null&page=21","INMOBCK","BANCO INVEX, S.A., INSTITUCION DE BANCA MULTIPLE, INVEX GRUPO FINANCIERO"
"1615211500-194","https://www.biva.mx/empresas/emisoras_inscritas/emisoras_inscritas?instrumento=null&tipo_valor=null&sector=null&sub_sector=null&ramo=null&sub_ramo=null&emisora_id=null&canceladas=false&biva=false&subTab=null&page=15","FMTY","BANCO INVEX, S.A., INSTITUCION DE BANCA MULTIPLE, INVEX GRUPO FINANCIERO"
"1615211458-40","https://www.biva.mx/empresas/emisoras_inscritas/emisoras_inscritas?instrumento=null&tipo_valor=null&sector=null&sub_sector=null&ramo=null&sub_ramo=null&emisora_id=null&canceladas=false&biva=false&subTab=null&page=31","TLEVISA","GRUPO TELEVISA, S.A.B."
"1615211498-183","https://www.biva.mx/empresas/emisoras_inscritas/emisoras_inscritas?instrumento=null&tipo_valor=null&sector=null&sub_sector=null&ramo=null&sub_ramo=null&emisora_id=null&canceladas=false&biva=false&subTab=null&page=16","FSHOP","CIBANCO, S.A., INSTITUCIÓN DE BANCA MÚLTIPLE"
"1615211526-281","https://www.biva.mx/empresas/emisoras_inscritas/emisoras_inscritas?instrumento=null&tipo_valor=null&sector=null&sub_sector=null&ramo=null&sub_ramo=null&emisora_id=null&canceladas=false&biva=false&subTab=null&page=7","CARZACK","CIBANCO, S.A., INSTITUCIÓN DE BANCA MÚLTIPLE"
"1615211503-210","https://www.biva.mx/empresas/emisoras_inscritas/emisoras_inscritas?instrumento=null&tipo_valor=null&sector=null&sub_sector=null&ramo=null&sub_ramo=null&emisora_id=null&canceladas=false&biva=false&subTab=null&page=14","FINDEP","FINANCIERA INDEPENDENCIA, S.A.B. DE C.V. SOFOM, E.N.R."
"1615211511-225","https://www.biva.mx/empresas/emisoras_inscritas/emisoras_inscritas?instrumento=null&tipo_valor=null&sector=null&sub_sector=null&ramo=null&sub_ramo=null&emisora_id=null&canceladas=false&biva=false&subTab=null&page=12","EXICK","BANCO NACIONAL DE MÉXICO, S.A., INTEGRANTE DEL GRUPO FINANCIERO BANAMEX"
"1615211465-69","https://www.biva.mx/empresas/emisoras_inscritas/emisoras_inscritas?instrumento=null&tipo_valor=null&sector=null&sub_sector=null&ramo=null&sub_ramo=null&emisora_id=null&canceladas=false&biva=false&subTab=null&page=28","QUMMA","GRUPO QUMMA, S.A. DE C.V."
"1615211473-93","https://www.biva.mx/empresas/emisoras_inscritas/emisoras_inscritas?instrumento=null&tipo_valor=null&sector=null&sub_sector=null&ramo=null&sub_ramo=null&emisora_id=null&canceladas=false&biva=false&subTab=null&page=25","MINTCB","CIBANCO, S.A., INSTITUCIÓN DE BANCA MÚLTIPLE"
"1615211490-162","https://www.biva.mx/empresas/emisoras_inscritas/emisoras_inscritas?instrumento=null&tipo_valor=null&sector=null&sub_sector=null&ramo=null&sub_ramo=null&emisora_id=null&canceladas=false&biva=false&subTab=null&page=19","HOMEX","DESARROLLADORA HOMEX, S.A.B. DE C.V."
"1615211473-100","https://www.biva.mx/empresas/emisoras_inscritas/emisoras_inscritas?instrumento=null&tipo_valor=null&sector=null&sub_sector=null&ramo=null&sub_ramo=null&emisora_id=null&canceladas=false&biva=false&subTab=null&page=25","NAFTRAC","NACIONAL FINANCIERA, S.N.C., INSTITUCIÓN DE BANCA DE DESARROLLO"
"1615211487-145","https://www.biva.mx/empresas/emisoras_inscritas/emisoras_inscritas?instrumento=null&tipo_valor=null&sector=null&sub_sector=null&ramo=null&sub_ramo=null&emisora_id=null&canceladas=false&biva=false&subTab=null&page=20","HV2PI","CIBANCO, S.A., INSTITUCIÓN DE BANCA MÚLTIPLE"
"1615211487-152","https://www.biva.mx/empresas/emisoras_inscritas/emisoras_inscritas?instrumento=null&tipo_valor=null&sector=null&sub_sector=null&ramo=null&sub_ramo=null&emisora_id=null&canceladas=false&biva=false&subTab=null&page=20","IENOVA","INFRAESTRUCTURA ENERGÉTICA NOVA, S.A.B. DE C.V."
"1615211495-179","https://www.biva.mx/empresas/emisoras_inscritas/emisoras_inscritas?instrumento=null&tipo_valor=null&sector=null&sub_sector=null&ramo=null&sub_ramo=null&emisora_id=null&canceladas=false&biva=false&subTab=null&page=17","GEO","CORPORACION GEO, S.A.B. DE C.V."
"1615211468-79","https://www.biva.mx/empresas/emisoras_inscritas/emisoras_inscritas?instrumento=null&tipo_valor=null&sector=null&sub_sector=null&ramo=null&sub_ramo=null&emisora_id=null&canceladas=false&biva=false&subTab=null&page=27","PLANICK","BANCO INVEX, S.A., INSTITUCION DE BANCA MULTIPLE, INVEX GRUPO FINANCIERO"
"1615211460-47","https://www.biva.mx/empresas/emisoras_inscritas/emisoras_inscritas?instrumento=null&tipo_valor=null&sector=null&sub_sector=null&ramo=null&sub_ramo=null&emisora_id=null&canceladas=false&biva=false&subTab=null&page=30","SIRENCK","CIBANCO, S.A., INSTITUCIÓN DE BANCA MÚLTIPLE"
"1615211495-181","https://www.biva.mx/empresas/emisoras_inscritas/emisoras_inscritas?instrumento=null&tipo_valor=null&sector=null&sub_sector=null&ramo=null&sub_ramo=null&emisora_id=null&canceladas=false&biva=false&subTab=null&page=17","GFINBUR","GRUPO FINANCIERO INBURSA, S.A.B. DE C.V."
"1615211493-164","https://www.biva.mx/empresas/emisoras_inscritas/emisoras_inscritas?instrumento=null&tipo_valor=null&sector=null&sub_sector=null&ramo=null&sub_ramo=null&emisora_id=null&canceladas=false&biva=false&subTab=null&page=18","GFNORTE","GRUPO FINANCIERO BANORTE, S.A.B DE C.V."
"1615211490-159","https://www.biva.mx/empresas/emisoras_inscritas/emisoras_inscritas?instrumento=null&tipo_valor=null&sector=null&sub_sector=null&ramo=null&sub_ramo=null&emisora_id=null&canceladas=false&biva=false&subTab=null&page=19","HCITY","HOTELES CITY EXPRESS, S.A.B. DE C.V."
"1615211542-340","https://www.biva.mx/empresas/emisoras_inscritas/emisoras_inscritas?instrumento=null&tipo_valor=null&sector=null&sub_sector=null&ramo=null&sub_ramo=null&emisora_id=null&canceladas=false&biva=false&subTab=null&page=1","ACTINVR","CORPORACIÓN ACTINVER, S.A.B. DE C.V."
"1615211471-89","https://www.biva.mx/empresas/emisoras_inscritas/emisoras_inscritas?instrumento=null&tipo_valor=null&sector=null&sub_sector=null&ramo=null&sub_ramo=null&emisora_id=null&canceladas=false&biva=false&subTab=null&page=26","OMA","GRUPO AEROPORTUARIO DEL CENTRO NORTE, S.A.B. DE C.V."
"1615211519-256","https://www.biva.mx/empresas/emisoras_inscritas/emisoras_inscritas?instrumento=null&tipo_valor=null&sector=null&sub_sector=null&ramo=null&sub_ramo=null&emisora_id=null&canceladas=false&biva=false&subTab=null&page=9","CORPTRC","BANCO NACIONAL DE MÉXICO, S.A., INTEGRANTE DEL GRUPO FINANCIERO BANAMEX"
"1615211473-95","https://www.biva.mx/empresas/emisoras_inscritas/emisoras_inscritas?instrumento=null&tipo_valor=null&sector=null&sub_sector=null&ramo=null&sub_ramo=null&emisora_id=null&canceladas=false&biva=false&subTab=null&page=25","MOLYMET","MOLIBDENOS Y METALES S.A."
"1615211519-254","https://www.biva.mx/empresas/emisoras_inscritas/emisoras_inscritas?instrumento=null&tipo_valor=null&sector=null&sub_sector=null&ramo=null&sub_ramo=null&emisora_id=null&canceladas=false&biva=false&subTab=null&page=9","COMPART","BANCO COMPARTAMOS, S.A., INSTITUCIÓN DE BANCA MÚLTIPLE"
"1615211511-227","https://www.biva.mx/empresas/emisoras_inscritas/emisoras_inscritas?instrumento=null&tipo_valor=null&sector=null&sub_sector=null&ramo=null&sub_ramo=null&emisora_id=null&canceladas=false&biva=false&subTab=null&page=12","EXITCB","BANCO INVEX, S.A., INSTITUCION DE BANCA MULTIPLE, INVEX GRUPO FINANCIERO"
"1615211534-311","https://www.biva.mx/empresas/emisoras_inscritas/emisoras_inscritas?instrumento=null&tipo_valor=null&sector=null&sub_sector=null&ramo=null&sub_ramo=null&emisora_id=null&canceladas=false&biva=false&subTab=null&page=4","AXTEL","AXTEL, S.A.B. DE C.V."
"1615211534-305","https://www.biva.mx/empresas/emisoras_inscritas/emisoras_inscritas?instrumento=null&tipo_valor=null&sector=null&sub_sector=null&ramo=null&sub_ramo=null&emisora_id=null&canceladas=false&biva=false&subTab=null&page=4","ARTH5CK","CIBANCO, S.A., INSTITUCIÓN DE BANCA MÚLTIPLE"
"1615211514-242","https://www.biva.mx/empresas/emisoras_inscritas/emisoras_inscritas?instrumento=null&tipo_valor=null&sector=null&sub_sector=null&ramo=null&sub_ramo=null&emisora_id=null&canceladas=false&biva=false&subTab=null&page=11","ESGMEX","BANCO NACIONAL DE MÉXICO, S.A., INTEGRANTE DEL GRUPO FINANCIERO BANAMEX"
"1615211517-251","https://www.biva.mx/empresas/emisoras_inscritas/emisoras_inscritas?instrumento=null&tipo_valor=null&sector=null&sub_sector=null&ramo=null&sub_ramo=null&emisora_id=null&canceladas=false&biva=false&subTab=null&page=10","DANHOS","BANCO NACIONAL DE MÉXICO, S.A., INTEGRANTE DEL GRUPO FINANCIERO BANAMEX"
"1615211542-334","https://www.biva.mx/empresas/emisoras_inscritas/emisoras_inscritas?instrumento=null&tipo_valor=null&sector=null&sub_sector=null&ramo=null&sub_ramo=null&emisora_id=null&canceladas=false&biva=false&subTab=null&page=1","AA1CK","BANCO INVEX, S.A., INSTITUCION DE BANCA MULTIPLE, INVEX GRUPO FINANCIERO"
"1615211458-37","https://www.biva.mx/empresas/emisoras_inscritas/emisoras_inscritas?instrumento=null&tipo_valor=null&sector=null&sub_sector=null&ramo=null&sub_ramo=null&emisora_id=null&canceladas=false&biva=false&subTab=null&page=31","TEKCHEM","TEKCHEM, S.A.B. DE C.V."
"1615211529-288","https://www.biva.mx/empresas/emisoras_inscritas/emisoras_inscritas?instrumento=null&tipo_valor=null&sector=null&sub_sector=null&ramo=null&sub_ramo=null&emisora_id=null&canceladas=false&biva=false&subTab=null&page=6","BIMBO","GRUPO BIMBO, S.A.B. DE C.V."
"1615211452-19","https://www.biva.mx/empresas/emisoras_inscritas/emisoras_inscritas?instrumento=null&tipo_valor=null&sector=null&sub_sector=null&ramo=null&sub_ramo=null&emisora_id=null&canceladas=false&biva=false&subTab=null&page=33","VMZCK","BANCO INVEX, S.A., INSTITUCION DE BANCA MULTIPLE, INVEX GRUPO FINANCIERO"
"1615211458-42","https://www.biva.mx/empresas/emisoras_inscritas/emisoras_inscritas?instrumento=null&tipo_valor=null&sector=null&sub_sector=null&ramo=null&sub_ramo=null&emisora_id=null&canceladas=false&biva=false&subTab=null&page=31","TPLAY","TOTAL PLAY TELECOMUNICACIONES S.A. DE C.V."
"1615211519-262","https://www.biva.mx/empresas/emisoras_inscritas/emisoras_inscritas?instrumento=null&tipo_valor=null&sector=null&sub_sector=null&ramo=null&sub_ramo=null&emisora_id=null&canceladas=false&biva=false&subTab=null&page=9","CSBANCO","CONSUBANCO, S.A., INSTITUCIÓN DE BANCA MÚLTIPLE"
"1615211514-238","https://www.biva.mx/empresas/emisoras_inscritas/emisoras_inscritas?instrumento=null&tipo_valor=null&sector=null&sub_sector=null&ramo=null&sub_ramo=null&emisora_id=null&canceladas=false&biva=false&subTab=null&page=11","EDOARDO","EDOARDOS MARTIN, S.A.B. DE C.V."
"1615211542-342","https://www.biva.mx/empresas/emisoras_inscritas/emisoras_inscritas?instrumento=null&tipo_valor=null&sector=null&sub_sector=null&ramo=null&sub_ramo=null&emisora_id=null&canceladas=false&biva=false&subTab=null&page=1","ADMEXCK","BANCO INVEX, S.A., INSTITUCION DE BANCA MULTIPLE, INVEX GRUPO FINANCIERO"
"1615211476-104","https://www.biva.mx/empresas/emisoras_inscritas/emisoras_inscritas?instrumento=null&tipo_valor=null&sector=null&sub_sector=null&ramo=null&sub_ramo=null&emisora_id=null&canceladas=false&biva=false&subTab=null&page=24","MEDICA","MÉDICA SUR, S.A.B. DE C.V"
"1615211536-314","https://www.biva.mx/empresas/emisoras_inscritas/emisoras_inscritas?instrumento=null&tipo_valor=null&sector=null&sub_sector=null&ramo=null&sub_ramo=null&emisora_id=null&canceladas=false&biva=false&subTab=null&page=3","ALTUMCK","BANCO INVEX, S.A., INSTITUCION DE BANCA MULTIPLE, INVEX GRUPO FINANCIERO"
"1615211536-319","https://www.biva.mx/empresas/emisoras_inscritas/emisoras_inscritas?instrumento=null&tipo_valor=null&sector=null&sub_sector=null&ramo=null&sub_ramo=null&emisora_id=null&canceladas=false&biva=false&subTab=null&page=3","ARA","CONSORCIO ARA, S.A.B. DE C.V."
"1615211507-218","https://www.biva.mx/empresas/emisoras_inscritas/emisoras_inscritas?instrumento=null&tipo_valor=null&sector=null&sub_sector=null&ramo=null&sub_ramo=null&emisora_id=null&canceladas=false&biva=false&subTab=null&page=13","FHIPO","BANCO INVEX, S.A., INSTITUCION DE BANCA MULTIPLE, INVEX GRUPO FINANCIERO"
"1615211487-149","https://www.biva.mx/empresas/emisoras_inscritas/emisoras_inscritas?instrumento=null&tipo_valor=null&sector=null&sub_sector=null&ramo=null&sub_ramo=null&emisora_id=null&canceladas=false&biva=false&subTab=null&page=20","ICUA2CK","BANCO NACIONAL DE MÉXICO, S.A., INTEGRANTE DEL GRUPO FINANCIERO BANAMEX"
"1615211522-263","https://www.biva.mx/empresas/emisoras_inscritas/emisoras_inscritas?instrumento=null&tipo_valor=null&sector=null&sub_sector=null&ramo=null&sub_ramo=null&emisora_id=null&canceladas=false&biva=false&subTab=null&page=8","CERAMIC","INTERNACIONAL DE CERAMICA, S.A.B. DE C.V."
"1615211487-151","https://www.biva.mx/empresas/emisoras_inscritas/emisoras_inscritas?instrumento=null&tipo_valor=null&sector=null&sub_sector=null&ramo=null&sub_ramo=null&emisora_id=null&canceladas=false&biva=false&subTab=null&page=20","IDEAL","IMPULSORA DEL DESARROLLO Y EL EMPLEO EN AMERICA LATINA, S.A.B. DE C.V."
"1615211522-269","https://www.biva.mx/empresas/emisoras_inscritas/emisoras_inscritas?instrumento=null&tipo_valor=null&sector=null&sub_sector=null&ramo=null&sub_ramo=null&emisora_id=null&canceladas=false&biva=false&subTab=null&page=8","CITI","CITIBANAMEX CASA DE BOLSA, S.A. DE C.V. CASA DE BOLSA, INTEGRANTE DEL GRUPO FINANCIERO CITIBANAMEX"
"1615211517-244","https://www.biva.mx/empresas/emisoras_inscritas/emisoras_inscritas?instrumento=null&tipo_valor=null&sector=null&sub_sector=null&ramo=null&sub_ramo=null&emisora_id=null&canceladas=false&biva=false&subTab=null&page=10","CSMRTCK","CIBANCO, S.A., INSTITUCIÓN DE BANCA MÚLTIPLE"
"1615211507-222","https://www.biva.mx/empresas/emisoras_inscritas/emisoras_inscritas?instrumento=null&tipo_valor=null&sector=null&sub_sector=null&ramo=null&sub_ramo=null&emisora_id=null&canceladas=false&biva=false&subTab=null&page=13","FIBRAPL","BANCO ACTINVER, S.A. INSTITUCIÓN DE BANCA MÚLTIPLE, GRUPO FINANCIERO ACTINVER"
"1615211495-173","https://www.biva.mx/empresas/emisoras_inscritas/emisoras_inscritas?instrumento=null&tipo_valor=null&sector=null&sub_sector=null&ramo=null&sub_ramo=null&emisora_id=null&canceladas=false&biva=false&subTab=null&page=17","GBMICK","DEUTSCHE BANK MÉXICO, S.A. INSTITUCIÓN DE BANCA MÚLTIPLE"
"1615211493-170","https://www.biva.mx/empresas/emisoras_inscritas/emisoras_inscritas?instrumento=null&tipo_valor=null&sector=null&sub_sector=null&ramo=null&sub_ramo=null&emisora_id=null&canceladas=false&biva=false&subTab=null&page=18","GMXT","GMÉXICO TRANSPORTES, S.A.B. DE C.V."
"1615211458-39","https://www.biva.mx/empresas/emisoras_inscritas/emisoras_inscritas?instrumento=null&tipo_valor=null&sector=null&sub_sector=null&ramo=null&sub_ramo=null&emisora_id=null&canceladas=false&biva=false&subTab=null&page=31","THERMCK","CIBANCO, S.A., INSTITUCIÓN DE BANCA MÚLTIPLE"
"1615211514-241","https://www.biva.mx/empresas/emisoras_inscritas/emisoras_inscritas?instrumento=null&tipo_valor=null&sector=null&sub_sector=null&ramo=null&sub_ramo=null&emisora_id=null&canceladas=false&biva=false&subTab=null&page=11","ELEMENT","ELEMENTIA, S.A.B. DE C.V."
"1615211485-138","https://www.biva.mx/empresas/emisoras_inscritas/emisoras_inscritas?instrumento=null&tipo_valor=null&sector=null&sub_sector=null&ramo=null&sub_ramo=null&emisora_id=null&canceladas=false&biva=false&subTab=null&page=21","INFRACK","BANCO INVEX, S.A., INSTITUCION DE BANCA MULTIPLE, INVEX GRUPO FINANCIERO"
"1615211503-206","https://www.biva.mx/empresas/emisoras_inscritas/emisoras_inscritas?instrumento=null&tipo_valor=null&sector=null&sub_sector=null&ramo=null&sub_ramo=null&emisora_id=null&canceladas=false&biva=false&subTab=null&page=14","FIHO","DEUTSCHE BANK MÉXICO, S.A. INSTITUCIÓN DE BANCA MÚLTIPLE"
"1615211531-300","https://www.biva.mx/empresas/emisoras_inscritas/emisoras_inscritas?instrumento=null&tipo_valor=null&sector=null&sub_sector=null&ramo=null&sub_ramo=null&emisora_id=null&canceladas=false&biva=false&subTab=null&page=5","BANORTE","BANCO MERCANTIL DEL NORTE, S.A., INSTITUCIÓN DE BANCA MÚLTIPLE, GRUPO FINANCIERO BANORTE"
"1615211468-77","https://www.biva.mx/empresas/emisoras_inscritas/emisoras_inscritas?instrumento=null&tipo_valor=null&sector=null&sub_sector=null&ramo=null&sub_ramo=null&emisora_id=null&canceladas=false&biva=false&subTab=null&page=27","PLA2CK","CIBANCO, S.A., INSTITUCIÓN DE BANCA MÚLTIPLE"
"1615211452-18","https://www.biva.mx/empresas/emisoras_inscritas/emisoras_inscritas?instrumento=null&tipo_valor=null&sector=null&sub_sector=null&ramo=null&sub_ramo=null&emisora_id=null&canceladas=false&biva=false&subTab=null&page=33","VMEX","BANCO NACIONAL DE MÉXICO, S.A., INTEGRANTE DEL GRUPO FINANCIERO BANAMEX"
"1615211455-32","https://www.biva.mx/empresas/emisoras_inscritas/emisoras_inscritas?instrumento=null&tipo_valor=null&sector=null&sub_sector=null&ramo=null&sub_ramo=null&emisora_id=null&canceladas=false&biva=false&subTab=null&page=32","VERTXCK","HSBC MEXICO, S.A., INSTITUCIÓN DE BANCA MÚLTIPLE, GRUPO FINANCIERO HSBC"
"1615211487-150","https://www.biva.mx/empresas/emisoras_inscritas/emisoras_inscritas?instrumento=null&tipo_valor=null&sector=null&sub_sector=null&ramo=null&sub_ramo=null&emisora_id=null&canceladas=false&biva=false&subTab=null&page=20","ICUADCK","CIBANCO, S.A., INSTITUCIÓN DE BANCA MÚLTIPLE"
"1615211526-282","https://www.biva.mx/empresas/emisoras_inscritas/emisoras_inscritas?instrumento=null&tipo_valor=null&sector=null&sub_sector=null&ramo=null&sub_ramo=null&emisora_id=null&canceladas=false&biva=false&subTab=null&page=7","CEMEX","CEMEX, S.A.B. DE C.V."
"1615211529-290","https://www.biva.mx/empresas/emisoras_inscritas/emisoras_inscritas?instrumento=null&tipo_valor=null&sector=null&sub_sector=null&ramo=null&sub_ramo=null&emisora_id=null&canceladas=false&biva=false&subTab=null&page=6","BLKCPI","CIBANCO, S.A., INSTITUCIÓN DE BANCA MÚLTIPLE"
"1615211455-28","https://www.biva.mx/empresas/emisoras_inscritas/emisoras_inscritas?instrumento=null&tipo_valor=null&sector=null&sub_sector=null&ramo=null&sub_ramo=null&emisora_id=null&canceladas=false&biva=false&subTab=null&page=32","UNIFIN","UNIFIN FINANCIERA, S.A.B. DE C.V."
"1615211526-275","https://www.biva.mx/empresas/emisoras_inscritas/emisoras_inscritas?instrumento=null&tipo_valor=null&sector=null&sub_sector=null&ramo=null&sub_ramo=null&emisora_id=null&canceladas=false&biva=false&subTab=null&page=7","BSMX","BANCO SANTANDER MÉXICO, S.A., INSTITUCIÓN DE BANCA MÚLTIPLE, GRUPO FINANCIERO SANTANDER"
"1615211460-51","https://www.biva.mx/empresas/emisoras_inscritas/emisoras_inscritas?instrumento=null&tipo_valor=null&sector=null&sub_sector=null&ramo=null&sub_ramo=null&emisora_id=null&canceladas=false&biva=false&subTab=null&page=30","SORIANA","ORGANIZACIÓN SORIANA, S.A.B. DE C.V."
"1615211519-258","https://www.biva.mx/empresas/emisoras_inscritas/emisoras_inscritas?instrumento=null&tipo_valor=null&sector=null&sub_sector=null&ramo=null&sub_ramo=null&emisora_id=null&canceladas=false&biva=false&subTab=null&page=9","CREAL","CREDITO REAL, S.A.B. DE C.V., SOFOM, E.R."
"1615211463-59","https://www.biva.mx/empresas/emisoras_inscritas/emisoras_inscritas?instrumento=null&tipo_valor=null&sector=null&sub_sector=null&ramo=null&sub_ramo=null&emisora_id=null&canceladas=false&biva=false&subTab=null&page=29","SAN","BANCO SANTANDER, S.A."
"1615211455-31","https://www.biva.mx/empresas/emisoras_inscritas/emisoras_inscritas?instrumento=null&tipo_valor=null&sector=null&sub_sector=null&ramo=null&sub_ramo=null&emisora_id=null&canceladas=false&biva=false&subTab=null&page=32","VASCONI","GRUPO VASCONIA S.A.B."
"1615211487-148","https://www.biva.mx/empresas/emisoras_inscritas/emisoras_inscritas?instrumento=null&tipo_valor=null&sector=null&sub_sector=null&ramo=null&sub_ramo=null&emisora_id=null&canceladas=false&biva=false&subTab=null&page=20","ICH","INDUSTRIAS CH, S.A.B. DE C.V."
"1615211517-252","https://www.biva.mx/empresas/emisoras_inscritas/emisoras_inscritas?instrumento=null&tipo_valor=null&sector=null&sub_sector=null&ramo=null&sub_ramo=null&emisora_id=null&canceladas=false&biva=false&subTab=null&page=10","DATCK","BANCO INVEX, S.A., INSTITUCION DE BANCA MULTIPLE, INVEX GRUPO FINANCIERO"
"1615211485-139","https://www.biva.mx/empresas/emisoras_inscritas/emisoras_inscritas?instrumento=null&tipo_valor=null&sector=null&sub_sector=null&ramo=null&sub_ramo=null&emisora_id=null&canceladas=false&biva=false&subTab=null&page=21","INFRAEX","BANCO ACTINVER, S.A. INSTITUCIÓN DE BANCA MÚLTIPLE, GRUPO FINANCIERO ACTINVER"
"1615211482-131","https://www.biva.mx/empresas/emisoras_inscritas/emisoras_inscritas?instrumento=null&tipo_valor=null&sector=null&sub_sector=null&ramo=null&sub_ramo=null&emisora_id=null&canceladas=false&biva=false&subTab=null&page=22","LACOMER","LA COMER S.A.B. DE C.V."
"1615211514-236","https://www.biva.mx/empresas/emisoras_inscritas/emisoras_inscritas?instrumento=null&tipo_valor=null&sector=null&sub_sector=null&ramo=null&sub_ramo=null&emisora_id=null&canceladas=false&biva=false&subTab=null&page=11","DINE","DINE, S.A.B. DE C.V."
"1615211522-268","https://www.biva.mx/empresas/emisoras_inscritas/emisoras_inscritas?instrumento=null&tipo_valor=null&sector=null&sub_sector=null&ramo=null&sub_ramo=null&emisora_id=null&canceladas=false&biva=false&subTab=null&page=8","CIE","CORPORACION INTERAMERICANA DE ENTRETENIMIENTO, S.A.B. DE C.V."
"1615211468-73","https://www.biva.mx/empresas/emisoras_inscritas/emisoras_inscritas?instrumento=null&tipo_valor=null&sector=null&sub_sector=null&ramo=null&sub_ramo=null&emisora_id=null&canceladas=false&biva=false&subTab=null&page=27","PBFF1CK","BANCO NACIONAL DE MÉXICO, S.A., INTEGRANTE DEL GRUPO FINANCIERO BANAMEX"
"1615211503-211","https://www.biva.mx/empresas/emisoras_inscritas/emisoras_inscritas?instrumento=null&tipo_valor=null&sector=null&sub_sector=null&ramo=null&sub_ramo=null&emisora_id=null&canceladas=false&biva=false&subTab=null&page=14","FINN","CIBANCO, S.A., INSTITUCIÓN DE BANCA MÚLTIPLE"
"1615211493-166","https://www.biva.mx/empresas/emisoras_inscritas/emisoras_inscritas?instrumento=null&tipo_valor=null&sector=null&sub_sector=null&ramo=null&sub_ramo=null&emisora_id=null&canceladas=false&biva=false&subTab=null&page=18","GIGANTE","GRUPO GIGANTE, S.A.B. DE C.V."
"1615211503-207","https://www.biva.mx/empresas/emisoras_inscritas/emisoras_inscritas?instrumento=null&tipo_valor=null&sector=null&sub_sector=null&ramo=null&sub_ramo=null&emisora_id=null&canceladas=false&biva=false&subTab=null&page=14","FIMMCK","THE BANK OF NEW YORK MELLON, S.A., INSTITUCIÓN DE BANCA MÚLTIPLE"
"1615211490-153","https://www.biva.mx/empresas/emisoras_inscritas/emisoras_inscritas?instrumento=null&tipo_valor=null&sector=null&sub_sector=null&ramo=null&sub_ramo=null&emisora_id=null&canceladas=false&biva=false&subTab=null&page=19","GPH","GRUPO PALACIO DE HIERRO, S.A.B. DE C.V."
"1615211473-102","https://www.biva.mx/empresas/emisoras_inscritas/emisoras_inscritas?instrumento=null&tipo_valor=null&sector=null&sub_sector=null&ramo=null&sub_ramo=null&emisora_id=null&canceladas=false&biva=false&subTab=null&page=25","NEXX6CK","BANCO NACIONAL DE MÉXICO, S.A., INTEGRANTE DEL GRUPO FINANCIERO BANAMEX"
"1615211498-185","https://www.biva.mx/empresas/emisoras_inscritas/emisoras_inscritas?instrumento=null&tipo_valor=null&sector=null&sub_sector=null&ramo=null&sub_ramo=null&emisora_id=null&canceladas=false&biva=false&subTab=null&page=16","FUNO","BANCO ACTINVER, S.A. INSTITUCIÓN DE BANCA MÚLTIPLE, GRUPO FINANCIERO ACTINVER"
"1615211465-66","https://www.biva.mx/empresas/emisoras_inscritas/emisoras_inscritas?instrumento=null&tipo_valor=null&sector=null&sub_sector=null&ramo=null&sub_ramo=null&emisora_id=null&canceladas=false&biva=false&subTab=null&page=28","PV","PEÑA VERDE S.A.B."
"1615211479-119","https://www.biva.mx/empresas/emisoras_inscritas/emisoras_inscritas?instrumento=null&tipo_valor=null&sector=null&sub_sector=null&ramo=null&sub_ramo=null&emisora_id=null&canceladas=false&biva=false&subTab=null&page=23","LIVEPOL","EL PUERTO DE LIVERPOOL, S.A.B. DE C.V."
"1615211458-35","https://www.biva.mx/empresas/emisoras_inscritas/emisoras_inscritas?instrumento=null&tipo_valor=null&sector=null&sub_sector=null&ramo=null&sub_ramo=null&emisora_id=null&canceladas=false&biva=false&subTab=null&page=31","SVPI","CIBANCO, S.A., INSTITUCIÓN DE BANCA MÚLTIPLE"
"1615211522-264","https://www.biva.mx/empresas/emisoras_inscritas/emisoras_inscritas?instrumento=null&tipo_valor=null&sector=null&sub_sector=null&ramo=null&sub_ramo=null&emisora_id=null&canceladas=false&biva=false&subTab=null&page=8","CETETRC","BANCO NACIONAL DE MÉXICO, S.A., INTEGRANTE DEL GRUPO FINANCIERO BANAMEX"
"1615211529-285","https://www.biva.mx/empresas/emisoras_inscritas/emisoras_inscritas?instrumento=null&tipo_valor=null&sector=null&sub_sector=null&ramo=null&sub_ramo=null&emisora_id=null&canceladas=false&biva=false&subTab=null&page=6","BEELICK","BANCO ACTINVER, S.A. INSTITUCIÓN DE BANCA MÚLTIPLE, GRUPO FINANCIERO ACTINVER"
"1615211493-163","https://www.biva.mx/empresas/emisoras_inscritas/emisoras_inscritas?instrumento=null&tipo_valor=null&sector=null&sub_sector=null&ramo=null&sub_ramo=null&emisora_id=null&canceladas=false&biva=false&subTab=null&page=18","GFMULTI","GRUPO FINANCIERO MULTIVA S.A.B. DE C.V."
"1615211517-246","https://www.biva.mx/empresas/emisoras_inscritas/emisoras_inscritas?instrumento=null&tipo_valor=null&sector=null&sub_sector=null&ramo=null&sub_ramo=null&emisora_id=null&canceladas=false&biva=false&subTab=null&page=10","CUERVO","BECLE, S.A.B. DE C.V."
"1615211468-82","https://www.biva.mx/empresas/emisoras_inscritas/emisoras_inscritas?instrumento=null&tipo_valor=null&sector=null&sub_sector=null&ramo=null&sub_ramo=null&emisora_id=null&canceladas=false&biva=false&subTab=null&page=27","POSADAS","GRUPO POSADAS, S.A.B. DE C.V."
"1615211498-190","https://www.biva.mx/empresas/emisoras_inscritas/emisoras_inscritas?instrumento=null&tipo_valor=null&sector=null&sub_sector=null&ramo=null&sub_ramo=null&emisora_id=null&canceladas=false&biva=false&subTab=null&page=16","GAVACK","CIBANCO, S.A., INSTITUCIÓN DE BANCA MÚLTIPLE"
"1615211503-203","https://www.biva.mx/empresas/emisoras_inscritas/emisoras_inscritas?instrumento=null&tipo_valor=null&sector=null&sub_sector=null&ramo=null&sub_ramo=null&emisora_id=null&canceladas=false&biva=false&subTab=null&page=14","FIBRATC","NACIONAL FINANCIERA, S.N.C., INSTITUCIÓN DE BANCA DE DESARROLLO"
"1615211482-127","https://www.biva.mx/empresas/emisoras_inscritas/emisoras_inscritas?instrumento=null&tipo_valor=null&sector=null&sub_sector=null&ramo=null&sub_ramo=null&emisora_id=null&canceladas=false&biva=false&subTab=null&page=22","KKRPI","CIBANCO, S.A., INSTITUCIÓN DE BANCA MÚLTIPLE"
"1615211542-341","https://www.biva.mx/empresas/emisoras_inscritas/emisoras_inscritas?instrumento=null&tipo_valor=null&sector=null&sub_sector=null&ramo=null&sub_ramo=null&emisora_id=null&canceladas=false&biva=false&subTab=null&page=1","ACTPI","CIBANCO, S.A., INSTITUCIÓN DE BANCA MÚLTIPLE"
"1615211511-228","https://www.biva.mx/empresas/emisoras_inscritas/emisoras_inscritas?instrumento=null&tipo_valor=null&sector=null&sub_sector=null&ramo=null&sub_ramo=null&emisora_id=null&canceladas=false&biva=false&subTab=null&page=12","F1CC","BANCO INVEX, S.A., INSTITUCION DE BANCA MULTIPLE, INVEX GRUPO FINANCIERO"
"1615211482-125","https://www.biva.mx/empresas/emisoras_inscritas/emisoras_inscritas?instrumento=null&tipo_valor=null&sector=null&sub_sector=null&ramo=null&sub_ramo=null&emisora_id=null&canceladas=false&biva=false&subTab=null&page=22","KIMBER","KIMBERLY - CLARK DE MEXICO S.A.B. DE C.V."
"1615211490-161","https://www.biva.mx/empresas/emisoras_inscritas/emisoras_inscritas?instrumento=null&tipo_valor=null&sector=null&sub_sector=null&ramo=null&sub_ramo=null&emisora_id=null&canceladas=false&biva=false&subTab=null&page=19","HIMEXSA","HIMEXSA, S.A.B. de C.V."
"1615211511-231","https://www.biva.mx/empresas/emisoras_inscritas/emisoras_inscritas?instrumento=null&tipo_valor=null&sector=null&sub_sector=null&ramo=null&sub_ramo=null&emisora_id=null&canceladas=false&biva=false&subTab=null&page=12","FEFA","FONDO ESPECIAL PARA FINANCIAMIENTOS AGROPECUARIOS"
"1615211458-41","https://www.biva.mx/empresas/emisoras_inscritas/emisoras_inscritas?instrumento=null&tipo_valor=null&sector=null&sub_sector=null&ramo=null&sub_ramo=null&emisora_id=null&canceladas=false&biva=false&subTab=null&page=31","TMM","GRUPO TMM, S.A."
"1615211465-70","https://www.biva.mx/empresas/emisoras_inscritas/emisoras_inscritas?instrumento=null&tipo_valor=null&sector=null&sub_sector=null&ramo=null&sub_ramo=null&emisora_id=null&canceladas=false&biva=false&subTab=null&page=28","QVGMEX","ACTINVER CASA DE BOLSA, S.A. DE C.V. , GRUPO FINANCIERO ACTINVER"
"1615211511-226","https://www.biva.mx/empresas/emisoras_inscritas/emisoras_inscritas?instrumento=null&tipo_valor=null&sector=null&sub_sector=null&ramo=null&sub_ramo=null&emisora_id=null&canceladas=false&biva=false&subTab=null&page=12","EXICPI","BANCO NACIONAL DE MÉXICO, S.A., INTEGRANTE DEL GRUPO FINANCIERO BANAMEX"
"1615211479-122","https://www.biva.mx/empresas/emisoras_inscritas/emisoras_inscritas?instrumento=null&tipo_valor=null&sector=null&sub_sector=null&ramo=null&sub_ramo=null&emisora_id=null&canceladas=false&biva=false&subTab=null&page=23","MASLCB","CIBANCO, S.A., INSTITUCIÓN DE BANCA MÚLTIPLE"
"1615211526-274","https://www.biva.mx/empresas/emisoras_inscritas/emisoras_inscritas?instrumento=null&tipo_valor=null&sector=null&sub_sector=null&ramo=null&sub_ramo=null&emisora_id=null&canceladas=false&biva=false&subTab=null&page=7","BOLSA","BOLSA MEXICANA DE VALORES, S.A.B. DE C.V."
"1615211485-135","https://www.biva.mx/empresas/emisoras_inscritas/emisoras_inscritas?instrumento=null&tipo_valor=null&sector=null&sub_sector=null&ramo=null&sub_ramo=null&emisora_id=null&canceladas=false&biva=false&subTab=null&page=21","IGSCK","HSBC MEXICO, S.A., INSTITUCIÓN DE BANCA MÚLTIPLE, GRUPO FINANCIERO HSBC"
"1615211490-156","https://www.biva.mx/empresas/emisoras_inscritas/emisoras_inscritas?instrumento=null&tipo_valor=null&sector=null&sub_sector=null&ramo=null&sub_ramo=null&emisora_id=null&canceladas=false&biva=false&subTab=null&page=19","GRUMA","GRUMA, S.A.B. DE C.V."
"1615211490-158","https://www.biva.mx/empresas/emisoras_inscritas/emisoras_inscritas?instrumento=null&tipo_valor=null&sector=null&sub_sector=null&ramo=null&sub_ramo=null&emisora_id=null&canceladas=false&biva=false&subTab=null&page=19","GVIVA","GRUPO VIVA AEROBUS, S.A. DE C.V."
"1615211460-50","https://www.biva.mx/empresas/emisoras_inscritas/emisoras_inscritas?instrumento=null&tipo_valor=null&sector=null&sub_sector=null&ramo=null&sub_ramo=null&emisora_id=null&canceladas=false&biva=false&subTab=null&page=30","SOMA","CIBANCO, S.A., INSTITUCIÓN DE BANCA MÚLTIPLE"
"1615211514-233","https://www.biva.mx/empresas/emisoras_inscritas/emisoras_inscritas?instrumento=null&tipo_valor=null&sector=null&sub_sector=null&ramo=null&sub_ramo=null&emisora_id=null&canceladas=false&biva=false&subTab=null&page=11","DATPCK","BANCO INVEX, S.A., INSTITUCION DE BANCA MULTIPLE, INVEX GRUPO FINANCIERO"
"1615211487-146","https://www.biva.mx/empresas/emisoras_inscritas/emisoras_inscritas?instrumento=null&tipo_valor=null&sector=null&sub_sector=null&ramo=null&sub_ramo=null&emisora_id=null&canceladas=false&biva=false&subTab=null&page=20","IASASA","INDUSTRIA AUTOMOTRIZ, S.A. DE C.V."
"1615211482-130","https://www.biva.mx/empresas/emisoras_inscritas/emisoras_inscritas?instrumento=null&tipo_valor=null&sector=null&sub_sector=null&ramo=null&sub_ramo=null&emisora_id=null&canceladas=false&biva=false&subTab=null&page=22","LAB","GENOMMA LAB INTERNACIONAL, S.A.B. DE C.V."
"1615211495-174","https://www.biva.mx/empresas/emisoras_inscritas/emisoras_inscritas?instrumento=null&tipo_valor=null&sector=null&sub_sector=null&ramo=null&sub_ramo=null&emisora_id=null&canceladas=false&biva=false&subTab=null&page=17","GCARSO","GRUPO CARSO, S.A.B. DE C.V."
"1615211490-157","https://www.biva.mx/empresas/emisoras_inscritas/emisoras_inscritas?instrumento=null&tipo_valor=null&sector=null&sub_sector=null&ramo=null&sub_ramo=null&emisora_id=null&canceladas=false&biva=false&subTab=null&page=19","GSANBOR","GRUPO SANBORNS, S.A.B. DE C.V."
"1615211498-189","https://www.biva.mx/empresas/emisoras_inscritas/emisoras_inscritas?instrumento=null&tipo_valor=null&sector=null&sub_sector=null&ramo=null&sub_ramo=null&emisora_id=null&canceladas=false&biva=false&subTab=null&page=16","GAV","ACOSTA VERDE, S.A.B. DE C.V."
"1615211468-75","https://www.biva.mx/empresas/emisoras_inscritas/emisoras_inscritas?instrumento=null&tipo_valor=null&sector=null&sub_sector=null&ramo=null&sub_ramo=null&emisora_id=null&canceladas=false&biva=false&subTab=null&page=27","PGGVPI","CIBANCO, S.A., INSTITUCIÓN DE BANCA MÚLTIPLE"
"1615211536-313","https://www.biva.mx/empresas/emisoras_inscritas/emisoras_inscritas?instrumento=null&tipo_valor=null&sector=null&sub_sector=null&ramo=null&sub_ramo=null&emisora_id=null&canceladas=false&biva=false&subTab=null&page=3","ALSEA","ALSEA, S.A.B. DE C.V."
"1615211465-71","https://www.biva.mx/empresas/emisoras_inscritas/emisoras_inscritas?instrumento=null&tipo_valor=null&sector=null&sub_sector=null&ramo=null&sub_ramo=null&emisora_id=null&canceladas=false&biva=false&subTab=null&page=28","R","REGIONAL, S.A.B. DE C.V."
"1615211452-22","https://www.biva.mx/empresas/emisoras_inscritas/emisoras_inscritas?instrumento=null&tipo_valor=null&sector=null&sub_sector=null&ramo=null&sub_ramo=null&emisora_id=null&canceladas=false&biva=false&subTab=null&page=33","WALMEX","WAL - MART DE MEXICO, S.A.B. DE C.V."
"1615211536-320","https://www.biva.mx/empresas/emisoras_inscritas/emisoras_inscritas?instrumento=null&tipo_valor=null&sector=null&sub_sector=null&ramo=null&sub_ramo=null&emisora_id=null&canceladas=false&biva=false&subTab=null&page=3","ARAGOPI","CIBANCO, S.A., INSTITUCIÓN DE BANCA MÚLTIPLE"
"1615211471-91","https://www.biva.mx/empresas/emisoras_inscritas/emisoras_inscritas?instrumento=null&tipo_valor=null&sector=null&sub_sector=null&ramo=null&sub_ramo=null&emisora_id=null&canceladas=false&biva=false&subTab=null&page=26","PAPPEL","BIO PAPPEL, S.A.B. DE C.V."
"1615211542-335","https://www.biva.mx/empresas/emisoras_inscritas/emisoras_inscritas?instrumento=null&tipo_valor=null&sector=null&sub_sector=null&ramo=null&sub_ramo=null&emisora_id=null&canceladas=false&biva=false&subTab=null&page=1","AA2CPI","BANCO INVEX, S.A., INSTITUCION DE BANCA MULTIPLE, INVEX GRUPO FINANCIERO"
"1615211519-260","https://www.biva.mx/empresas/emisoras_inscritas/emisoras_inscritas?instrumento=null&tipo_valor=null&sector=null&sub_sector=null&ramo=null&sub_ramo=null&emisora_id=null&canceladas=false&biva=false&subTab=null&page=9","CRELCB","BANCO ACTINVER, S.A. INSTITUCIÓN DE BANCA MÚLTIPLE, GRUPO FINANCIERO ACTINVER"
"1615211522-266","https://www.biva.mx/empresas/emisoras_inscritas/emisoras_inscritas?instrumento=null&tipo_valor=null&sector=null&sub_sector=null&ramo=null&sub_ramo=null&emisora_id=null&canceladas=false&biva=false&subTab=null&page=8","CHNTRAC","NACIONAL FINANCIERA, S.N.C., INSTITUCIÓN DE BANCA DE DESARROLLO"
"1615211473-99","https://www.biva.mx/empresas/emisoras_inscritas/emisoras_inscritas?instrumento=null&tipo_valor=null&sector=null&sub_sector=null&ramo=null&sub_ramo=null&emisora_id=null&canceladas=false&biva=false&subTab=null&page=25","MRPCK","THE BANK OF NEW YORK MELLON, S.A., INSTITUCIÓN DE BANCA MÚLTIPLE"
"1615211487-143","https://www.biva.mx/empresas/emisoras_inscritas/emisoras_inscritas?instrumento=null&tipo_valor=null&sector=null&sub_sector=null&ramo=null&sub_ramo=null&emisora_id=null&canceladas=false&biva=false&subTab=null&page=20","HOTEL","GRUPO HOTELERO SANTA FE, S.A.B. DE C.V."
"1615211511-223","https://www.biva.mx/empresas/emisoras_inscritas/emisoras_inscritas?instrumento=null&tipo_valor=null&sector=null&sub_sector=null&ramo=null&sub_ramo=null&emisora_id=null&canceladas=false&biva=false&subTab=null&page=12","EXI2CK","BANCO NACIONAL DE MÉXICO, S.A., INTEGRANTE DEL GRUPO FINANCIERO BANAMEX"
"1615211452-20","https://www.biva.mx/empresas/emisoras_inscritas/emisoras_inscritas?instrumento=null&tipo_valor=null&sector=null&sub_sector=null&ramo=null&sub_ramo=null&emisora_id=null&canceladas=false&biva=false&subTab=null&page=33","VOLAR","CONTROLADORA VUELA COMPAÑÍA DE AVIACIÓN, S.A.B. DE C.V."
"1615211455-24","https://www.biva.mx/empresas/emisoras_inscritas/emisoras_inscritas?instrumento=null&tipo_valor=null&sector=null&sub_sector=null&ramo=null&sub_ramo=null&emisora_id=null&canceladas=false&biva=false&subTab=null&page=32","TRAXION","GRUPO TRAXIÓN S.A.B DE C.V."
"1615211493-172","https://www.biva.mx/empresas/emisoras_inscritas/emisoras_inscritas?instrumento=null&tipo_valor=null&sector=null&sub_sector=null&ramo=null&sub_ramo=null&emisora_id=null&canceladas=false&biva=false&subTab=null&page=18","GOMO","GRUPO COMERCIAL GOMO, S.A. DE C.V."
"1615211511-230","https://www.biva.mx/empresas/emisoras_inscritas/emisoras_inscritas?instrumento=null&tipo_valor=null&sector=null&sub_sector=null&ramo=null&sub_ramo=null&emisora_id=null&canceladas=false&biva=false&subTab=null&page=12","FCICK","BANCO INVEX, S.A., INSTITUCION DE BANCA MULTIPLE, INVEX GRUPO FINANCIERO"
"1615211455-25","https://www.biva.mx/empresas/emisoras_inscritas/emisoras_inscritas?instrumento=null&tipo_valor=null&sector=null&sub_sector=null&ramo=null&sub_ramo=null&emisora_id=null&canceladas=false&biva=false&subTab=null&page=32","TS","TENARIS S.A."
"1615211465-68","https://www.biva.mx/empresas/emisoras_inscritas/emisoras_inscritas?instrumento=null&tipo_valor=null&sector=null&sub_sector=null&ramo=null&sub_ramo=null&emisora_id=null&canceladas=false&biva=false&subTab=null&page=28","QBINDUS","Q.B. INDUSTRIAS, S.A. DE C.V."
"1615211526-276","https://www.biva.mx/empresas/emisoras_inscritas/emisoras_inscritas?instrumento=null&tipo_valor=null&sector=null&sub_sector=null&ramo=null&sub_ramo=null&emisora_id=null&canceladas=false&biva=false&subTab=null&page=7","BXMX2PI","CIBANCO, S.A., INSTITUCIÓN DE BANCA MÚLTIPLE"
"1615211498-184","https://www.biva.mx/empresas/emisoras_inscritas/emisoras_inscritas?instrumento=null&tipo_valor=null&sector=null&sub_sector=null&ramo=null&sub_ramo=null&emisora_id=null&canceladas=false&biva=false&subTab=null&page=16","FSITES","BANCO ACTINVER, S.A. INSTITUCIÓN DE BANCA MÚLTIPLE, GRUPO FINANCIERO ACTINVER"
"1615211519-261","https://www.biva.mx/empresas/emisoras_inscritas/emisoras_inscritas?instrumento=null&tipo_valor=null&sector=null&sub_sector=null&ramo=null&sub_ramo=null&emisora_id=null&canceladas=false&biva=false&subTab=null&page=9","CS2CK","BANCO NACIONAL DE MÉXICO, S.A., INTEGRANTE DEL GRUPO FINANCIERO BANAMEX"
"1615211517-249","https://www.biva.mx/empresas/emisoras_inscritas/emisoras_inscritas?instrumento=null&tipo_valor=null&sector=null&sub_sector=null&ramo=null&sub_ramo=null&emisora_id=null&canceladas=false&biva=false&subTab=null&page=10","DAIVCK","BANCO INVEX, S.A., INSTITUCION DE BANCA MULTIPLE, INVEX GRUPO FINANCIERO"
"1615211542-336","https://www.biva.mx/empresas/emisoras_inscritas/emisoras_inscritas?instrumento=null&tipo_valor=null&sector=null&sub_sector=null&ramo=null&sub_ramo=null&emisora_id=null&canceladas=false&biva=false&subTab=null&page=1","AC","ARCA CONTINENTAL, S.A.B. DE C.V."
"1615211534-309","https://www.biva.mx/empresas/emisoras_inscritas/emisoras_inscritas?instrumento=null&tipo_valor=null&sector=null&sub_sector=null&ramo=null&sub_ramo=null&emisora_id=null&canceladas=false&biva=false&subTab=null&page=4","AXISCK","BANCO NACIONAL DE MÉXICO, S.A., INTEGRANTE DEL GRUPO FINANCIERO BANAMEX"
"1615211482-123","https://www.biva.mx/empresas/emisoras_inscritas/emisoras_inscritas?instrumento=null&tipo_valor=null&sector=null&sub_sector=null&ramo=null&sub_ramo=null&emisora_id=null&canceladas=false&biva=false&subTab=null&page=22","IVVPESO","BANCO NACIONAL DE MÉXICO, S.A., INTEGRANTE DEL GRUPO FINANCIERO BANAMEX"
"1615211476-111","https://www.biva.mx/empresas/emisoras_inscritas/emisoras_inscritas?instrumento=null&tipo_valor=null&sector=null&sub_sector=null&ramo=null&sub_ramo=null&emisora_id=null&canceladas=false&biva=false&subTab=null&page=24","MILATRC","ACTINVER CASA DE BOLSA, S.A. DE C.V. , GRUPO FINANCIERO ACTINVER"
"1615211476-109","https://www.biva.mx/empresas/emisoras_inscritas/emisoras_inscritas?instrumento=null&tipo_valor=null&sector=null&sub_sector=null&ramo=null&sub_ramo=null&emisora_id=null&canceladas=false&biva=false&subTab=null&page=24","MFRISCO","MINERA FRISCO, S.A.B. DE C.V."
"1615211498-192","https://www.biva.mx/empresas/emisoras_inscritas/emisoras_inscritas?instrumento=null&tipo_valor=null&sector=null&sub_sector=null&ramo=null&sub_ramo=null&emisora_id=null&canceladas=false&biva=false&subTab=null&page=16","GBMESCK","CIBANCO, S.A., INSTITUCIÓN DE BANCA MÚLTIPLE"
"1615211465-63","https://www.biva.mx/empresas/emisoras_inscritas/emisoras_inscritas?instrumento=null&tipo_valor=null&sector=null&sub_sector=null&ramo=null&sub_ramo=null&emisora_id=null&canceladas=false&biva=false&subTab=null&page=28","PRANACK","CIBANCO, S.A., INSTITUCIÓN DE BANCA MÚLTIPLE"
"1615211495-177","https://www.biva.mx/empresas/emisoras_inscritas/emisoras_inscritas?instrumento=null&tipo_valor=null&sector=null&sub_sector=null&ramo=null&sub_ramo=null&emisora_id=null&canceladas=false&biva=false&subTab=null&page=17","GENSEG","GENERAL DE SEGUROS, S.A.B."
"1615211526-277","https://www.biva.mx/empresas/emisoras_inscritas/emisoras_inscritas?instrumento=null&tipo_valor=null&sector=null&sub_sector=null&ramo=null&sub_ramo=null&emisora_id=null&canceladas=false&biva=false&subTab=null&page=7","BXMXPI","CIBANCO, S.A., INSTITUCIÓN DE BANCA MÚLTIPLE"
"1615211485-137","https://www.biva.mx/empresas/emisoras_inscritas/emisoras_inscritas?instrumento=null&tipo_valor=null&sector=null&sub_sector=null&ramo=null&sub_ramo=null&emisora_id=null&canceladas=false&biva=false&subTab=null&page=21","INDCK","CIBANCO, S.A., INSTITUCIÓN DE BANCA MÚLTIPLE"
"1615211463-62","https://www.biva.mx/empresas/emisoras_inscritas/emisoras_inscritas?instrumento=null&tipo_valor=null&sector=null&sub_sector=null&ramo=null&sub_ramo=null&emisora_id=null&canceladas=false&biva=false&subTab=null&page=29","SAVIA","SAVIA, S.A. DE C.V."
"1615211503-204","https://www.biva.mx/empresas/emisoras_inscritas/emisoras_inscritas?instrumento=null&tipo_valor=null&sector=null&sub_sector=null&ramo=null&sub_ramo=null&emisora_id=null&canceladas=false&biva=false&subTab=null&page=14","FIBRAUP","BANCO ACTINVER, S.A. INSTITUCIÓN DE BANCA MÚLTIPLE, GRUPO FINANCIERO ACTINVER"
"1615211463-56","https://www.biva.mx/empresas/emisoras_inscritas/emisoras_inscritas?instrumento=null&tipo_valor=null&sector=null&sub_sector=null&ramo=null&sub_ramo=null&emisora_id=null&canceladas=false&biva=false&subTab=null&page=29","RRGCK","CIBANCO, S.A., INSTITUCIÓN DE BANCA MÚLTIPLE"
"1615211465-65","https://www.biva.mx/empresas/emisoras_inscritas/emisoras_inscritas?instrumento=null&tipo_valor=null&sector=null&sub_sector=null&ramo=null&sub_ramo=null&emisora_id=null&canceladas=false&biva=false&subTab=null&page=28","PSOTRAC","ACTINVER CASA DE BOLSA, S.A. DE C.V. , GRUPO FINANCIERO ACTINVER"
"1615211476-112","https://www.biva.mx/empresas/emisoras_inscritas/emisoras_inscritas?instrumento=null&tipo_valor=null&sector=null&sub_sector=null&ramo=null&sub_ramo=null&emisora_id=null&canceladas=false&biva=false&subTab=null&page=24","MINSA","GRUPO MINSA, S.A.B. DE C.V."
"1615211539-327","https://www.biva.mx/empresas/emisoras_inscritas/emisoras_inscritas?instrumento=null&tipo_valor=null&sector=null&sub_sector=null&ramo=null&sub_ramo=null&emisora_id=null&canceladas=false&biva=false&subTab=null&page=2","AHMSA","ALTOS HORNOS DE MEXICO, S.A. DE C.V."
"1615211460-48","https://www.biva.mx/empresas/emisoras_inscritas/emisoras_inscritas?instrumento=null&tipo_valor=null&sector=null&sub_sector=null&ramo=null&sub_ramo=null&emisora_id=null&canceladas=false&biva=false&subTab=null&page=30","SITES","TELESITES, S.A.B. DE C.V."
"1615211511-232","https://www.biva.mx/empresas/emisoras_inscritas/emisoras_inscritas?instrumento=null&tipo_valor=null&sector=null&sub_sector=null&ramo=null&sub_ramo=null&emisora_id=null&canceladas=false&biva=false&subTab=null&page=12","FEMSA","FOMENTO ECONÓMICO MEXICANO, S.A.B. DE C.V."
"1615211458-33","https://www.biva.mx/empresas/emisoras_inscritas/emisoras_inscritas?instrumento=null&tipo_valor=null&sector=null&sub_sector=null&ramo=null&sub_ramo=null&emisora_id=null&canceladas=false&biva=false&subTab=null&page=31","STEPCC","BANCO MONEX, S.A., INSTITUCIÓN DE BANCA MÚLTIPLE, MONEX GRUPO FINANCIERO"
"1615211531-301","https://www.biva.mx/empresas/emisoras_inscritas/emisoras_inscritas?instrumento=null&tipo_valor=null&sector=null&sub_sector=null&ramo=null&sub_ramo=null&emisora_id=null&canceladas=false&biva=false&subTab=null&page=5","BANTECB","BANCO INVEX, S.A., INSTITUCION DE BANCA MULTIPLE, INVEX GRUPO FINANCIERO"
"1615211498-191","https://www.biva.mx/empresas/emisoras_inscritas/emisoras_inscritas?instrumento=null&tipo_valor=null&sector=null&sub_sector=null&ramo=null&sub_ramo=null&emisora_id=null&canceladas=false&biva=false&subTab=null&page=16","GBM","CORPORATIVO GBM, S.A.B. DE C. V."
"1615211531-293","https://www.biva.mx/empresas/emisoras_inscritas/emisoras_inscritas?instrumento=null&tipo_valor=null&sector=null&sub_sector=null&ramo=null&sub_ramo=null&emisora_id=null&canceladas=false&biva=false&subTab=null&page=5","AZTECA","TV AZTECA, S.A.B. DE C.V."
"1615211507-221","https://www.biva.mx/empresas/emisoras_inscritas/emisoras_inscritas?instrumento=null&tipo_valor=null&sector=null&sub_sector=null&ramo=null&sub_ramo=null&emisora_id=null&canceladas=false&biva=false&subTab=null&page=13","FIBRAMQ","CIBANCO, S.A., INSTITUCIÓN DE BANCA MÚLTIPLE"
"1615211539-328","https://www.biva.mx/empresas/emisoras_inscritas/emisoras_inscritas?instrumento=null&tipo_valor=null&sector=null&sub_sector=null&ramo=null&sub_ramo=null&emisora_id=null&canceladas=false&biva=false&subTab=null&page=2","AINDACK","BANCO INVEX, S.A., INSTITUCION DE BANCA MULTIPLE, INVEX GRUPO FINANCIERO"
"1615211507-216","https://www.biva.mx/empresas/emisoras_inscritas/emisoras_inscritas?instrumento=null&tipo_valor=null&sector=null&sub_sector=null&ramo=null&sub_ramo=null&emisora_id=null&canceladas=false&biva=false&subTab=null&page=13","FFLA3CK","BANCO INVEX, S.A., INSTITUCION DE BANCA MULTIPLE, INVEX GRUPO FINANCIERO"
"1615211503-209","https://www.biva.mx/empresas/emisoras_inscritas/emisoras_inscritas?instrumento=null&tipo_valor=null&sector=null&sub_sector=null&ramo=null&sub_ramo=null&emisora_id=null&canceladas=false&biva=false&subTab=null&page=14","FINAMEX","CASA DE BOLSA FINAMEX, S.A.B. DE C.V."
"1615211482-126","https://www.biva.mx/empresas/emisoras_inscritas/emisoras_inscritas?instrumento=null&tipo_valor=null&sector=null&sub_sector=null&ramo=null&sub_ramo=null&emisora_id=null&canceladas=false&biva=false&subTab=null&page=22","KKR2PI","CIBANCO, S.A., INSTITUCIÓN DE BANCA MÚLTIPLE"
"1615211500-199","https://www.biva.mx/empresas/emisoras_inscritas/emisoras_inscritas?instrumento=null&tipo_valor=null&sector=null&sub_sector=null&ramo=null&sub_ramo=null&emisora_id=null&canceladas=false&biva=false&subTab=null&page=15","FORTMCK","BANCO ACTINVER, S.A. INSTITUCIÓN DE BANCA MÚLTIPLE, GRUPO FINANCIERO ACTINVER"
"1615211500-198","https://www.biva.mx/empresas/emisoras_inscritas/emisoras_inscritas?instrumento=null&tipo_valor=null&sector=null&sub_sector=null&ramo=null&sub_ramo=null&emisora_id=null&canceladas=false&biva=false&subTab=null&page=15","FORION","BANCO ACTINVER, S.A. INSTITUCIÓN DE BANCA MÚLTIPLE, GRUPO FINANCIERO ACTINVER"
"1615211460-44","https://www.biva.mx/empresas/emisoras_inscritas/emisoras_inscritas?instrumento=null&tipo_valor=null&sector=null&sub_sector=null&ramo=null&sub_ramo=null&emisora_id=null&canceladas=false&biva=false&subTab=null&page=30","SCTIA","SCOTIA INVERLAT CASA DE BOLSA. S.A. DE C.V. GRUPO FINANCIERO SCOTIABANK INVERLAT"
"1615211479-120","https://www.biva.mx/empresas/emisoras_inscritas/emisoras_inscritas?instrumento=null&tipo_valor=null&sector=null&sub_sector=null&ramo=null&sub_ramo=null&emisora_id=null&canceladas=false&biva=false&subTab=null&page=23","M10TRAC","BANCO NACIONAL DE MÉXICO, S.A., INTEGRANTE DEL GRUPO FINANCIERO BANAMEX"
"1615211476-110","https://www.biva.mx/empresas/emisoras_inscritas/emisoras_inscritas?instrumento=null&tipo_valor=null&sector=null&sub_sector=null&ramo=null&sub_ramo=null&emisora_id=null&canceladas=false&biva=false&subTab=null&page=24","MHNOSCK","BANCO NACIONAL DE MÉXICO, S.A., INTEGRANTE DEL GRUPO FINANCIERO BANAMEX"
"1615211490-154","https://www.biva.mx/empresas/emisoras_inscritas/emisoras_inscritas?instrumento=null&tipo_valor=null&sector=null&sub_sector=null&ramo=null&sub_ramo=null&emisora_id=null&canceladas=false&biva=false&subTab=null&page=19","GPROFUT","GRUPO PROFUTURO, S.A.B. DE C.V."
"1615211526-273","https://www.biva.mx/empresas/emisoras_inscritas/emisoras_inscritas?instrumento=null&tipo_valor=null&sector=null&sub_sector=null&ramo=null&sub_ramo=null&emisora_id=null&canceladas=false&biva=false&subTab=null&page=7","BOCELCK","BANCO INVEX, S.A., INSTITUCION DE BANCA MULTIPLE, INVEX GRUPO FINANCIERO"
"1615211493-165","https://www.biva.mx/empresas/emisoras_inscritas/emisoras_inscritas?instrumento=null&tipo_valor=null&sector=null&sub_sector=null&ramo=null&sub_ramo=null&emisora_id=null&canceladas=false&biva=false&subTab=null&page=18","GICSA","GRUPO GICSA, S.A.B. DE C.V."
"1615211468-76","https://www.biva.mx/empresas/emisoras_inscritas/emisoras_inscritas?instrumento=null&tipo_valor=null&sector=null&sub_sector=null&ramo=null&sub_ramo=null&emisora_id=null&canceladas=false&biva=false&subTab=null&page=27","PINFRA","PROMOTORA Y OPERADORA DE INFRAESTRUCTURA, S.A.B. DE C.V."
"1615211468-78","https://www.biva.mx/empresas/emisoras_inscritas/emisoras_inscritas?instrumento=null&tipo_valor=null&sector=null&sub_sector=null&ramo=null&sub_ramo=null&emisora_id=null&canceladas=false&biva=false&subTab=null&page=27","PLANI","PLANIGRUPO LATAM, S.A.B. DE C.V."
"1615211507-215","https://www.biva.mx/empresas/emisoras_inscritas/emisoras_inscritas?instrumento=null&tipo_valor=null&sector=null&sub_sector=null&ramo=null&sub_ramo=null&emisora_id=null&canceladas=false&biva=false&subTab=null&page=13","FFLA2CK","BANCO INVEX, S.A., INSTITUCION DE BANCA MULTIPLE, INVEX GRUPO FINANCIERO"
"1615211539-332","https://www.biva.mx/empresas/emisoras_inscritas/emisoras_inscritas?instrumento=null&tipo_valor=null&sector=null&sub_sector=null&ramo=null&sub_ramo=null&emisora_id=null&canceladas=false&biva=false&subTab=null&page=2","ALPEK","ALPEK, S.A.B. DE C.V."
"1615211485-136","https://www.biva.mx/empresas/emisoras_inscritas/emisoras_inscritas?instrumento=null&tipo_valor=null&sector=null&sub_sector=null&ramo=null&sub_ramo=null&emisora_id=null&canceladas=false&biva=false&subTab=null&page=21","ILCTRAC","BANCO NACIONAL DE MÉXICO, S.A., INTEGRANTE DEL GRUPO FINANCIERO BANAMEX"
"1615211468-80","https://www.biva.mx/empresas/emisoras_inscritas/emisoras_inscritas?instrumento=null&tipo_valor=null&sector=null&sub_sector=null&ramo=null&sub_ramo=null&emisora_id=null&canceladas=false&biva=false&subTab=null&page=27","PMCAPCK","BANCO INVEX, S.A., INSTITUCION DE BANCA MULTIPLE, INVEX GRUPO FINANCIERO"
"1615211519-255","https://www.biva.mx/empresas/emisoras_inscritas/emisoras_inscritas?instrumento=null&tipo_valor=null&sector=null&sub_sector=null&ramo=null&sub_ramo=null&emisora_id=null&canceladas=false&biva=false&subTab=null&page=9","CONVER","CONVERTIDORA INDUSTRIAL, S.A.B. DE C.V."
"1615211531-302","https://www.biva.mx/empresas/emisoras_inscritas/emisoras_inscritas?instrumento=null&tipo_valor=null&sector=null&sub_sector=null&ramo=null&sub_ramo=null&emisora_id=null&canceladas=false&biva=false&subTab=null&page=5","BBAJIO","BANCO DEL BAJÍO, S.A., INSTITUCIÓN DE BANCA MÚLTIPLE"
"1615211479-114","https://www.biva.mx/empresas/emisoras_inscritas/emisoras_inscritas?instrumento=null&tipo_valor=null&sector=null&sub_sector=null&ramo=null&sub_ramo=null&emisora_id=null&canceladas=false&biva=false&subTab=null&page=23","LASEG","LA LATINOAMERICANA SEGUROS, S.A."
"1615211452-17","https://www.biva.mx/empresas/emisoras_inscritas/emisoras_inscritas?instrumento=null&tipo_valor=null&sector=null&sub_sector=null&ramo=null&sub_ramo=null&emisora_id=null&canceladas=false&biva=false&subTab=null&page=33","VITRO","VITRO, S.A.B. DE C.V."
"1615211531-296","https://www.biva.mx/empresas/emisoras_inscritas/emisoras_inscritas?instrumento=null&tipo_valor=null&sector=null&sub_sector=null&ramo=null&sub_ramo=null&emisora_id=null&canceladas=false&biva=false&subTab=null&page=5","BAFAR","GRUPO BAFAR, S.A.B. DE C.V."
"1615211500-197","https://www.biva.mx/empresas/emisoras_inscritas/emisoras_inscritas?instrumento=null&tipo_valor=null&sector=null&sub_sector=null&ramo=null&sub_ramo=null&emisora_id=null&canceladas=false&biva=false&subTab=null&page=15","FNSA3CK","BANCO INVEX, S.A., INSTITUCION DE BANCA MULTIPLE, INVEX GRUPO FINANCIERO"
"1615211463-55","https://www.biva.mx/empresas/emisoras_inscritas/emisoras_inscritas?instrumento=null&tipo_valor=null&sector=null&sub_sector=null&ramo=null&sub_ramo=null&emisora_id=null&canceladas=false&biva=false&subTab=null&page=29","RLH","RLH PROPERTIES, S.A.B. DE C.V."
"1615211522-272","https://www.biva.mx/empresas/emisoras_inscritas/emisoras_inscritas?instrumento=null&tipo_valor=null&sector=null&sub_sector=null&ramo=null&sub_ramo=null&emisora_id=null&canceladas=false&biva=false&subTab=null&page=8","CMR","CMR, S.A.B. DE C.V."
"1615211529-286","https://www.biva.mx/empresas/emisoras_inscritas/emisoras_inscritas?instrumento=null&tipo_valor=null&sector=null&sub_sector=null&ramo=null&sub_ramo=null&emisora_id=null&canceladas=false&biva=false&subTab=null&page=6","BEVIDES","FARMACIAS BENAVIDES, S.A.B. DE C.V."
"1615211529-284","https://www.biva.mx/empresas/emisoras_inscritas/emisoras_inscritas?instrumento=null&tipo_valor=null&sector=null&sub_sector=null&ramo=null&sub_ramo=null&emisora_id=null&canceladas=false&biva=false&subTab=null&page=6","BCCK","CIBANCO, S.A., INSTITUCIÓN DE BANCA MÚLTIPLE"
"1615211503-208","https://www.biva.mx/empresas/emisoras_inscritas/emisoras_inscritas?instrumento=null&tipo_valor=null&sector=null&sub_sector=null&ramo=null&sub_ramo=null&emisora_id=null&canceladas=false&biva=false&subTab=null&page=14","FIMUBCB","CIBANCO, S.A., INSTITUCIÓN DE BANCA MÚLTIPLE"
"1615211507-219","https://www.biva.mx/empresas/emisoras_inscritas/emisoras_inscritas?instrumento=null&tipo_valor=null&sector=null&sub_sector=null&ramo=null&sub_ramo=null&emisora_id=null&canceladas=false&biva=false&subTab=null&page=13","FHIPOCB","BANCO INVEX, S.A., INSTITUCION DE BANCA MULTIPLE, INVEX GRUPO FINANCIERO"
"1615211452-15","https://www.biva.mx/empresas/emisoras_inscritas/emisoras_inscritas?instrumento=null&tipo_valor=null&sector=null&sub_sector=null&ramo=null&sub_ramo=null&emisora_id=null&canceladas=false&biva=false&subTab=null&page=33","VINTE","VINTE VIVIENDAS INTEGRALES, S.A.B. DE C.V."
"1615211498-187","https://www.biva.mx/empresas/emisoras_inscritas/emisoras_inscritas?instrumento=null&tipo_valor=null&sector=null&sub_sector=null&ramo=null&sub_ramo=null&emisora_id=null&canceladas=false&biva=false&subTab=null&page=16","GAP","GRUPO AEROPORTUARIO DEL PACIFICO, S.A.B. DE C.V."
"1615211517-247","https://www.biva.mx/empresas/emisoras_inscritas/emisoras_inscritas?instrumento=null&tipo_valor=null&sector=null&sub_sector=null&ramo=null&sub_ramo=null&emisora_id=null&canceladas=false&biva=false&subTab=null&page=10","CULTIBA","ORGANIZACIÓN CULTIBA, S.A.B. DE CV"
"1615211534-310","https://www.biva.mx/empresas/emisoras_inscritas/emisoras_inscritas?instrumento=null&tipo_valor=null&sector=null&sub_sector=null&ramo=null&sub_ramo=null&emisora_id=null&canceladas=false&biva=false&subTab=null&page=4","AXO","GRUPO AXO, S.A.P.I DE C.V."
"1615211493-169","https://www.biva.mx/empresas/emisoras_inscritas/emisoras_inscritas?instrumento=null&tipo_valor=null&sector=null&sub_sector=null&ramo=null&sub_ramo=null&emisora_id=null&canceladas=false&biva=false&subTab=null&page=18","GMEXICO","GRUPO MEXICO, S.A.B. DE C.V."
"1615211495-178","https://www.biva.mx/empresas/emisoras_inscritas/emisoras_inscritas?instrumento=null&tipo_valor=null&sector=null&sub_sector=null&ramo=null&sub_ramo=null&emisora_id=null&canceladas=false&biva=false&subTab=null&page=17","GENTERA","GENTERA, S.A.B. DE C.V."
"1615211536-318","https://www.biva.mx/empresas/emisoras_inscritas/emisoras_inscritas?instrumento=null&tipo_valor=null&sector=null&sub_sector=null&ramo=null&sub_ramo=null&emisora_id=null&canceladas=false&biva=false&subTab=null&page=3","ANGELD","ACTINVER CASA DE BOLSA, S.A. DE C.V. , GRUPO FINANCIERO ACTINVER"
"1615211531-295","https://www.biva.mx/empresas/emisoras_inscritas/emisoras_inscritas?instrumento=null&tipo_valor=null&sector=null&sub_sector=null&ramo=null&sub_ramo=null&emisora_id=null&canceladas=false&biva=false&subTab=null&page=5","BACOMER","BBVA BANCOMER, S.A., INSTITUCIÓN DE BANCA MÚLTIPLE, GRUPO FINANCIERO BBVA BANCOMER"
"1615211479-116","https://www.biva.mx/empresas/emisoras_inscritas/emisoras_inscritas?instrumento=null&tipo_valor=null&sector=null&sub_sector=null&ramo=null&sub_ramo=null&emisora_id=null&canceladas=false&biva=false&subTab=null&page=23","LEX3PI","CIBANCO, S.A., INSTITUCIÓN DE BANCA MÚLTIPLE"
"1615211507-213","https://www.biva.mx/empresas/emisoras_inscritas/emisoras_inscritas?instrumento=null&tipo_valor=null&sector=null&sub_sector=null&ramo=null&sub_ramo=null&emisora_id=null&canceladas=false&biva=false&subTab=null&page=13","FFBANCK","BANCO INVEX, S.A., INSTITUCION DE BANCA MULTIPLE, INVEX GRUPO FINANCIERO"
"1615211482-129","https://www.biva.mx/empresas/emisoras_inscritas/emisoras_inscritas?instrumento=null&tipo_valor=null&sector=null&sub_sector=null&ramo=null&sub_ramo=null&emisora_id=null&canceladas=false&biva=false&subTab=null&page=22","KUO","GRUPO KUO, S.A.B. DE C.V."
"1615211473-97","https://www.biva.mx/empresas/emisoras_inscritas/emisoras_inscritas?instrumento=null&tipo_valor=null&sector=null&sub_sector=null&ramo=null&sub_ramo=null&emisora_id=null&canceladas=false&biva=false&subTab=null&page=25","MOTAPI","CIBANCO, S.A., INSTITUCIÓN DE BANCA MÚLTIPLE"
"1615211517-250","https://www.biva.mx/empresas/emisoras_inscritas/emisoras_inscritas?instrumento=null&tipo_valor=null&sector=null&sub_sector=null&ramo=null&sub_ramo=null&emisora_id=null&canceladas=false&biva=false&subTab=null&page=10","DALUSCK","BANCO INVEX, S.A., INSTITUCION DE BANCA MULTIPLE, INVEX GRUPO FINANCIERO"
"1615211473-101","https://www.biva.mx/empresas/emisoras_inscritas/emisoras_inscritas?instrumento=null&tipo_valor=null&sector=null&sub_sector=null&ramo=null&sub_ramo=null&emisora_id=null&canceladas=false&biva=false&subTab=null&page=25","NEMAK","NEMAK, S.A.B. DE C.V."
"1615211468-81","https://www.biva.mx/empresas/emisoras_inscritas/emisoras_inscritas?instrumento=null&tipo_valor=null&sector=null&sub_sector=null&ramo=null&sub_ramo=null&emisora_id=null&canceladas=false&biva=false&subTab=null&page=27","POCHTEC","GRUPO POCHTECA, S.A.B. DE C.V."
"1615211455-30","https://www.biva.mx/empresas/emisoras_inscritas/emisoras_inscritas?instrumento=null&tipo_valor=null&sector=null&sub_sector=null&ramo=null&sub_ramo=null&emisora_id=null&canceladas=false&biva=false&subTab=null&page=32","VALUEGF","VALUE GRUPO FINANCIERO, S.A.B. DE C.V."
"1615211500-195","https://www.biva.mx/empresas/emisoras_inscritas/emisoras_inscritas?instrumento=null&tipo_valor=null&sector=null&sub_sector=null&ramo=null&sub_ramo=null&emisora_id=null&canceladas=false&biva=false&subTab=null&page=15","FNCOT","INSTITUTO DEL FONDO NACIONAL PARA EL CONSUMO DE LOS TRABAJADORES"
"1615211452-13","https://www.biva.mx/empresas/emisoras_inscritas/emisoras_inscritas?instrumento=null&tipo_valor=null&sector=null&sub_sector=null&ramo=null&sub_ramo=null&emisora_id=null&canceladas=false&biva=false&subTab=null&page=33","VESTA","CORPORACIÓN INMOBILIARIA VESTA, S.A.B. DE C.V."
"1615211495-180","https://www.biva.mx/empresas/emisoras_inscritas/emisoras_inscritas?instrumento=null&tipo_valor=null&sector=null&sub_sector=null&ramo=null&sub_ramo=null&emisora_id=null&canceladas=false&biva=false&subTab=null&page=17","GFAMSA","GRUPO FAMSA, S.A.B. DE C.V."
"1615211465-64","https://www.biva.mx/empresas/emisoras_inscritas/emisoras_inscritas?instrumento=null&tipo_valor=null&sector=null&sub_sector=null&ramo=null&sub_ramo=null&emisora_id=null&canceladas=false&biva=false&subTab=null&page=28","PROCORP","PROCORP, S.A.B. DE C.V."
"1615211460-45","https://www.biva.mx/empresas/emisoras_inscritas/emisoras_inscritas?instrumento=null&tipo_valor=null&sector=null&sub_sector=null&ramo=null&sub_ramo=null&emisora_id=null&canceladas=false&biva=false&subTab=null&page=30","SFPLUS","SOFOPLUS, S.A.P.I. DE C.V., SOCIEDAD FINANCIERA DE OBJETO MÚLTIPLE, ENTIDAD REGULADA"
"1615211529-287","https://www.biva.mx/empresas/emisoras_inscritas/emisoras_inscritas?instrumento=null&tipo_valor=null&sector=null&sub_sector=null&ramo=null&sub_ramo=null&emisora_id=null&canceladas=false&biva=false&subTab=null&page=6","BIAFIRM","BANCO DE INVERSIÓN AFIRME, S.A. INSTITUCION DE BANCA MÚLTIPLE, AFIRME GRUPO FINANCIERO"
"1615211473-98","https://www.biva.mx/empresas/emisoras_inscritas/emisoras_inscritas?instrumento=null&tipo_valor=null&sector=null&sub_sector=null&ramo=null&sub_ramo=null&emisora_id=null&canceladas=false&biva=false&subTab=null&page=25","MRP2CK","CIBANCO, S.A., INSTITUCIÓN DE BANCA MÚLTIPLE"
"1615211471-86","https://www.biva.mx/empresas/emisoras_inscritas/emisoras_inscritas?instrumento=null&tipo_valor=null&sector=null&sub_sector=null&ramo=null&sub_ramo=null&emisora_id=null&canceladas=false&biva=false&subTab=null&page=26","NMK","CONTROLADORA NEMAK, S.A.B. DE C.V."
"1615211517-245","https://www.biva.mx/empresas/emisoras_inscritas/emisoras_inscritas?instrumento=null&tipo_valor=null&sector=null&sub_sector=null&ramo=null&sub_ramo=null&emisora_id=null&canceladas=false&biva=false&subTab=null&page=10","CTIGOCB","BANCO INVEX, S.A., INSTITUCION DE BANCA MULTIPLE, INVEX GRUPO FINANCIERO"
"1615211542-337","https://www.biva.mx/empresas/emisoras_inscritas/emisoras_inscritas?instrumento=null&tipo_valor=null&sector=null&sub_sector=null&ramo=null&sub_ramo=null&emisora_id=null&canceladas=false&biva=false&subTab=null&page=1","ACCELSA","ACCEL, S.A.B. DE C.V."
"1615211476-103","https://www.biva.mx/empresas/emisoras_inscritas/emisoras_inscritas?instrumento=null&tipo_valor=null&sector=null&sub_sector=null&ramo=null&sub_ramo=null&emisora_id=null&canceladas=false&biva=false&subTab=null&page=24","MAXCOM","MAXCOM TELECOMUNICACIONES, S.A.B. DE C.V."
"1615211479-115","https://www.biva.mx/empresas/emisoras_inscritas/emisoras_inscritas?instrumento=null&tipo_valor=null&sector=null&sub_sector=null&ramo=null&sub_ramo=null&emisora_id=null&canceladas=false&biva=false&subTab=null&page=23","LATINCK","BANCO NACIONAL DE MÉXICO, S.A., INTEGRANTE DEL GRUPO FINANCIERO BANAMEX"
"1615211463-54","https://www.biva.mx/empresas/emisoras_inscritas/emisoras_inscritas?instrumento=null&tipo_valor=null&sector=null&sub_sector=null&ramo=null&sub_ramo=null&emisora_id=null&canceladas=false&biva=false&subTab=null&page=29","RIVERCK","BANCO NACIONAL DE MÉXICO, S.A., INTEGRANTE DEL GRUPO FINANCIERO BANAMEX"
"1615211465-72","https://www.biva.mx/empresas/emisoras_inscritas/emisoras_inscritas?instrumento=null&tipo_valor=null&sector=null&sub_sector=null&ramo=null&sub_ramo=null&emisora_id=null&canceladas=false&biva=false&subTab=null&page=28","RCENTRO","GRUPO RADIO CENTRO, S.A.B. DE C.V."
"1615211452-14","https://www.biva.mx/empresas/emisoras_inscritas/emisoras_inscritas?instrumento=null&tipo_valor=null&sector=null&sub_sector=null&ramo=null&sub_ramo=null&emisora_id=null&canceladas=false&biva=false&subTab=null&page=33","VEXCK","CIBANCO, S.A., INSTITUCIÓN DE BANCA MÚLTIPLE"
"1615211493-171","https://www.biva.mx/empresas/emisoras_inscritas/emisoras_inscritas?instrumento=null&tipo_valor=null&sector=null&sub_sector=null&ramo=null&sub_ramo=null&emisora_id=null&canceladas=false&biva=false&subTab=null&page=18","GNP","GRUPO NACIONAL PROVINCIAL, S.A.B."
"1615211534-304","https://www.biva.mx/empresas/emisoras_inscritas/emisoras_inscritas?instrumento=null&tipo_valor=null&sector=null&sub_sector=null&ramo=null&sub_ramo=null&emisora_id=null&canceladas=false&biva=false&subTab=null&page=4","ARTH4CK","CIBANCO, S.A., INSTITUCIÓN DE BANCA MÚLTIPLE"
"1615211450-11","https://www.biva.mx/empresas/emisoras_inscritas/emisoras_inscritas?instrumento=null&tipo_valor=null&sector=null&sub_sector=null&ramo=null&sub_ramo=null&emisora_id=null&canceladas=false&biva=false&subTab=null&page=34","WSMX2CK","BANCO INVEX, S.A., INSTITUCION DE BANCA MULTIPLE, INVEX GRUPO FINANCIERO"
"1615211500-202","https://www.biva.mx/empresas/emisoras_inscritas/emisoras_inscritas?instrumento=null&tipo_valor=null&sector=null&sub_sector=null&ramo=null&sub_ramo=null&emisora_id=null&canceladas=false&biva=false&subTab=null&page=15","FRES","FRESNILLO PLC"
"1615211514-239","https://www.biva.mx/empresas/emisoras_inscritas/emisoras_inscritas?instrumento=null&tipo_valor=null&sector=null&sub_sector=null&ramo=null&sub_ramo=null&emisora_id=null&canceladas=false&biva=false&subTab=null&page=11","EDUCA","BANCO INVEX, S.A., INSTITUCION DE BANCA MULTIPLE, INVEX GRUPO FINANCIERO"
"1615211485-133","https://www.biva.mx/empresas/emisoras_inscritas/emisoras_inscritas?instrumento=null&tipo_valor=null&sector=null&sub_sector=null&ramo=null&sub_ramo=null&emisora_id=null&canceladas=false&biva=false&subTab=null&page=21","IGNIACK","DEUTSCHE BANK MÉXICO, S.A. INSTITUCIÓN DE BANCA MÚLTIPLE"
"1615211463-60","https://www.biva.mx/empresas/emisoras_inscritas/emisoras_inscritas?instrumento=null&tipo_valor=null&sector=null&sub_sector=null&ramo=null&sub_ramo=null&emisora_id=null&canceladas=false&biva=false&subTab=null&page=29","SANT","CASA DE BOLSA SANTANDER, S.A. DE C.V., GRUPO FINANCIERO SANTANDER MEXICO"
"1615211485-134","https://www.biva.mx/empresas/emisoras_inscritas/emisoras_inscritas?instrumento=null&tipo_valor=null&sector=null&sub_sector=null&ramo=null&sub_ramo=null&emisora_id=null&canceladas=false&biva=false&subTab=null&page=21","IGS3CK","BANCO INVEX, S.A., INSTITUCION DE BANCA MULTIPLE, INVEX GRUPO FINANCIERO"
"1615211468-74","https://www.biva.mx/empresas/emisoras_inscritas/emisoras_inscritas?instrumento=null&tipo_valor=null&sector=null&sub_sector=null&ramo=null&sub_ramo=null&emisora_id=null&canceladas=false&biva=false&subTab=null&page=27","PE&OLES","INDUSTRIAS PEÑOLES, S.A.B. DE C. V."
"1615211458-38","https://www.biva.mx/empresas/emisoras_inscritas/emisoras_inscritas?instrumento=null&tipo_valor=null&sector=null&sub_sector=null&ramo=null&sub_ramo=null&emisora_id=null&canceladas=false&biva=false&subTab=null&page=31","TERRA","CIBANCO, S.A., INSTITUCIÓN DE BANCA MÚLTIPLE"
"1615211471-83","https://www.biva.mx/empresas/emisoras_inscritas/emisoras_inscritas?instrumento=null&tipo_valor=null&sector=null&sub_sector=null&ramo=null&sub_ramo=null&emisora_id=null&canceladas=false&biva=false&subTab=null&page=26","NEXXCK","BANCO INVEX, S.A., INSTITUCION DE BANCA MULTIPLE, INVEX GRUPO FINANCIERO"
"1615211507-217","https://www.biva.mx/empresas/emisoras_inscritas/emisoras_inscritas?instrumento=null&tipo_valor=null&sector=null&sub_sector=null&ramo=null&sub_ramo=null&emisora_id=null&canceladas=false&biva=false&subTab=null&page=13","FFLA4CK","BANCO INVEX, S.A., INSTITUCION DE BANCA MULTIPLE, INVEX GRUPO FINANCIERO"
"1615211471-84","https://www.biva.mx/empresas/emisoras_inscritas/emisoras_inscritas?instrumento=null&tipo_valor=null&sector=null&sub_sector=null&ramo=null&sub_ramo=null&emisora_id=null&canceladas=false&biva=false&subTab=null&page=26","NGCFICK","BANCO INVEX, S.A., INSTITUCION DE BANCA MULTIPLE, INVEX GRUPO FINANCIERO"
"1615211519-253","https://www.biva.mx/empresas/emisoras_inscritas/emisoras_inscritas?instrumento=null&tipo_valor=null&sector=null&sub_sector=null&ramo=null&sub_ramo=null&emisora_id=null&canceladas=false&biva=false&subTab=null&page=9","COLLADO","G COLLADO, S.A.B. DE C.V."
"1615211495-175","https://www.biva.mx/empresas/emisoras_inscritas/emisoras_inscritas?instrumento=null&tipo_valor=null&sector=null&sub_sector=null&ramo=null&sub_ramo=null&emisora_id=null&canceladas=false&biva=false&subTab=null&page=17","GCC","GRUPO CEMENTOS DE CHIHUAHUA, S.A.B. DE C.V."
"1615211490-160","https://www.biva.mx/empresas/emisoras_inscritas/emisoras_inscritas?instrumento=null&tipo_valor=null&sector=null&sub_sector=null&ramo=null&sub_ramo=null&emisora_id=null&canceladas=false&biva=false&subTab=null&page=19","HERDEZ","GRUPO HERDEZ, S.A.B. DE C.V."
"1615211476-106","https://www.biva.mx/empresas/emisoras_inscritas/emisoras_inscritas?instrumento=null&tipo_valor=null&sector=null&sub_sector=null&ramo=null&sub_ramo=null&emisora_id=null&canceladas=false&biva=false&subTab=null&page=24","MEXMTUM","NACIONAL FINANCIERA, S.N.C., INSTITUCIÓN DE BANCA DE DESARROLLO"
"1615211534-303","https://www.biva.mx/empresas/emisoras_inscritas/emisoras_inscritas?instrumento=null&tipo_valor=null&sector=null&sub_sector=null&ramo=null&sub_ramo=null&emisora_id=null&canceladas=false&biva=false&subTab=null&page=4","ARTCK","CIBANCO, S.A., INSTITUCIÓN DE BANCA MÚLTIPLE"
"1615211463-53","https://www.biva.mx/empresas/emisoras_inscritas/emisoras_inscritas?instrumento=null&tipo_valor=null&sector=null&sub_sector=null&ramo=null&sub_ramo=null&emisora_id=null&canceladas=false&biva=false&subTab=null&page=29","RCOCB","THE BANK OF NEW YORK MELLON, S.A., INSTITUCIÓN DE BANCA MÚLTIPLE"
"1615211507-214","https://www.biva.mx/empresas/emisoras_inscritas/emisoras_inscritas?instrumento=null&tipo_valor=null&sector=null&sub_sector=null&ramo=null&sub_ramo=null&emisora_id=null&canceladas=false&biva=false&subTab=null&page=13","FFLA1CK","BANCO INVEX, S.A., INSTITUCION DE BANCA MULTIPLE, INVEX GRUPO FINANCIERO"
"1615211476-107","https://www.biva.mx/empresas/emisoras_inscritas/emisoras_inscritas?instrumento=null&tipo_valor=null&sector=null&sub_sector=null&ramo=null&sub_ramo=null&emisora_id=null&canceladas=false&biva=false&subTab=null&page=24","MEXRISK","NACIONAL FINANCIERA, S.N.C., INSTITUCIÓN DE BANCA DE DESARROLLO"
"1615211542-339","https://www.biva.mx/empresas/emisoras_inscritas/emisoras_inscritas?instrumento=null&tipo_valor=null&sector=null&sub_sector=null&ramo=null&sub_ramo=null&emisora_id=null&canceladas=false&biva=false&subTab=null&page=1","ACTIN","ACTINVER CASA DE BOLSA, S.A. DE C.V., GRUPO FINANCIERO ACTINVER"
"1615211460-49","https://www.biva.mx/empresas/emisoras_inscritas/emisoras_inscritas?instrumento=null&tipo_valor=null&sector=null&sub_sector=null&ramo=null&sub_ramo=null&emisora_id=null&canceladas=false&biva=false&subTab=null&page=30","SMARTRC","ACTINVER CASA DE BOLSA, S.A. DE C.V. , GRUPO FINANCIERO ACTINVER"
"1615211514-235","https://www.biva.mx/empresas/emisoras_inscritas/emisoras_inscritas?instrumento=null&tipo_valor=null&sector=null&sub_sector=null&ramo=null&sub_ramo=null&emisora_id=null&canceladas=false&biva=false&subTab=null&page=11","DIABLOI","ACTINVER CASA DE BOLSA, S.A. DE C.V. , GRUPO FINANCIERO ACTINVER"
"1615211471-87","https://www.biva.mx/empresas/emisoras_inscritas/emisoras_inscritas?instrumento=null&tipo_valor=null&sector=null&sub_sector=null&ramo=null&sub_ramo=null&emisora_id=null&canceladas=false&biva=false&subTab=null&page=26","NXXMFCK","BANCO NACIONAL DE MÉXICO, S.A., INTEGRANTE DEL GRUPO FINANCIERO BANAMEX"
"1615211529-292","https://www.biva.mx/empresas/emisoras_inscritas/emisoras_inscritas?instrumento=null&tipo_valor=null&sector=null&sub_sector=null&ramo=null&sub_ramo=null&emisora_id=null&canceladas=false&biva=false&subTab=null&page=6","BMONEX.","BANCO MONEX, S.A. INSTITUCIÓN DE BANCA MÚLTIPLE, MONEX GRUPO FINANCIERO"
"1615211450-12","https://www.biva.mx/empresas/emisoras_inscritas/emisoras_inscritas?instrumento=null&tipo_valor=null&sector=null&sub_sector=null&ramo=null&sub_ramo=null&emisora_id=null&canceladas=false&biva=false&subTab=null&page=34","WSMXCK","DEUTSCHE BANK MÉXICO, S.A. INSTITUCIÓN DE BANCA MÚLTIPLE"
"1615211531-299","https://www.biva.mx/empresas/emisoras_inscritas/emisoras_inscritas?instrumento=null&tipo_valor=null&sector=null&sub_sector=null&ramo=null&sub_ramo=null&emisora_id=null&canceladas=false&biva=false&subTab=null&page=5","BANOB","BANCO NACIONAL DE OBRAS Y SERVICIOS PÚBLICOS SOCIEDAD NACIONAL DE CRÉDITO INSTITUCIÓN DE BANCA DE DESARROLLO"
"1615211507-220","https://www.biva.mx/empresas/emisoras_inscritas/emisoras_inscritas?instrumento=null&tipo_valor=null&sector=null&sub_sector=null&ramo=null&sub_ramo=null&emisora_id=null&canceladas=false&biva=false&subTab=null&page=13","FIBRAHD","BANCO ACTINVER, S.A. INSTITUCIÓN DE BANCA MÚLTIPLE, GRUPO FINANCIERO ACTINVER"
"1615211452-16","https://www.biva.mx/empresas/emisoras_inscritas/emisoras_inscritas?instrumento=null&tipo_valor=null&sector=null&sub_sector=null&ramo=null&sub_ramo=null&emisora_id=null&canceladas=false&biva=false&subTab=null&page=33","VISTA","VISTA OIL & GAS, S.A.B. DE C.V."
"1615211517-248","https://www.biva.mx/empresas/emisoras_inscritas/emisoras_inscritas?instrumento=null&tipo_valor=null&sector=null&sub_sector=null&ramo=null&sub_ramo=null&emisora_id=null&canceladas=false&biva=false&subTab=null&page=10","CYDSASA","CYDSA, S.A.B. DE C.V."
"1615211519-259","https://www.biva.mx/empresas/emisoras_inscritas/emisoras_inscritas?instrumento=null&tipo_valor=null&sector=null&sub_sector=null&ramo=null&sub_ramo=null&emisora_id=null&canceladas=false&biva=false&subTab=null&page=9","CREALCB","BANCO INVEX, S.A., INSTITUCION DE BANCA MULTIPLE, INVEX GRUPO FINANCIERO"
"1615211498-186","https://www.biva.mx/empresas/emisoras_inscritas/emisoras_inscritas?instrumento=null&tipo_valor=null&sector=null&sub_sector=null&ramo=null&sub_ramo=null&emisora_id=null&canceladas=false&biva=false&subTab=null&page=16","FVIA","BANCO INVEX, S.A., INSTITUCION DE BANCA MULTIPLE, INVEX GRUPO FINANCIERO"
"1615211463-61","https://www.biva.mx/empresas/emisoras_inscritas/emisoras_inscritas?instrumento=null&tipo_valor=null&sector=null&sub_sector=null&ramo=null&sub_ramo=null&emisora_id=null&canceladas=false&biva=false&subTab=null&page=29","SARE","SARE HOLDING, S.A.B. DE C.V."
"1615211500-193","https://www.biva.mx/empresas/emisoras_inscritas/emisoras_inscritas?instrumento=null&tipo_valor=null&sector=null&sub_sector=null&ramo=null&sub_ramo=null&emisora_id=null&canceladas=false&biva=false&subTab=null&page=15","FINWSCK","BANCO INVEX, S.A., INSTITUCION DE BANCA MULTIPLE, INVEX GRUPO FINANCIERO"
"1615211471-85","https://www.biva.mx/empresas/emisoras_inscritas/emisoras_inscritas?instrumento=null&tipo_valor=null&sector=null&sub_sector=null&ramo=null&sub_ramo=null&emisora_id=null&canceladas=false&biva=false&subTab=null&page=26","NGPE2CK","CIBANCO, S.A., INSTITUCIÓN DE BANCA MÚLTIPLE"
"1615211542-338","https://www.biva.mx/empresas/emisoras_inscritas/emisoras_inscritas?instrumento=null&tipo_valor=null&sector=null&sub_sector=null&ramo=null&sub_ramo=null&emisora_id=null&canceladas=false&biva=false&subTab=null&page=1","ACONCK","BANCO NACIONAL DE MÉXICO, S.A., INTEGRANTE DEL GRUPO FINANCIERO BANAMEX"
"1615211542-333","https://www.biva.mx/empresas/emisoras_inscritas/emisoras_inscritas?instrumento=null&tipo_valor=null&sector=null&sub_sector=null&ramo=null&sub_ramo=null&emisora_id=null&canceladas=false&biva=false&subTab=null&page=1","123LCB","BANCO ACTINVER, S.A. INSTITUCIÓN DE BANCA MÚLTIPLE, GRUPO FINANCIERO ACTINVER"
"1615211539-330","https://www.biva.mx/empresas/emisoras_inscritas/emisoras_inscritas?instrumento=null&tipo_valor=null&sector=null&sub_sector=null&ramo=null&sub_ramo=null&emisora_id=null&canceladas=false&biva=false&subTab=null&page=2","ALFA","ALFA, S.A.B. DE C.V."
"1615211452-21","https://www.biva.mx/empresas/emisoras_inscritas/emisoras_inscritas?instrumento=null&tipo_valor=null&sector=null&sub_sector=null&ramo=null&sub_ramo=null&emisora_id=null&canceladas=false&biva=false&subTab=null&page=33","VTX2CK","BANCO NACIONAL DE MÉXICO, S.A., INTEGRANTE DEL GRUPO FINANCIERO BANAMEX"
"1615211458-34","https://www.biva.mx/empresas/emisoras_inscritas/emisoras_inscritas?instrumento=null&tipo_valor=null&sector=null&sub_sector=null&ramo=null&sub_ramo=null&emisora_id=null&canceladas=false&biva=false&subTab=null&page=31","STORAGE","CIBANCO, S.A., INSTITUCIÓN DE BANCA MÚLTIPLE"
"1615211500-200","https://www.biva.mx/empresas/emisoras_inscritas/emisoras_inscritas?instrumento=null&tipo_valor=null&sector=null&sub_sector=null&ramo=null&sub_ramo=null&emisora_id=null&canceladas=false&biva=false&subTab=null&page=15","FPLUS","BANCO AZTECA S.A. INSTITUCIÓN DE BANCA MÚLTIPLE"
"1615211531-294","https://www.biva.mx/empresas/emisoras_inscritas/emisoras_inscritas?instrumento=null&tipo_valor=null&sector=null&sub_sector=null&ramo=null&sub_ramo=null&emisora_id=null&canceladas=false&biva=false&subTab=null&page=5","BACHOCO","INDUSTRIAS BACHOCO, S.A.B. DE C.V."
"1615211534-308","https://www.biva.mx/empresas/emisoras_inscritas/emisoras_inscritas?instrumento=null&tipo_valor=null&sector=null&sub_sector=null&ramo=null&sub_ramo=null&emisora_id=null&canceladas=false&biva=false&subTab=null&page=4","AXIS2CK","CIBANCO, S.A., INSTITUCIÓN DE BANCA MÚLTIPLE"
"1615211534-312","https://www.biva.mx/empresas/emisoras_inscritas/emisoras_inscritas?instrumento=null&tipo_valor=null&sector=null&sub_sector=null&ramo=null&sub_ramo=null&emisora_id=null&canceladas=false&biva=false&subTab=null&page=4","AYLLUPI","CIBANCO, S.A., INSTITUCIÓN DE BANCA MÚLTIPLE"
"1615211485-142","https://www.biva.mx/empresas/emisoras_inscritas/emisoras_inscritas?instrumento=null&tipo_valor=null&sector=null&sub_sector=null&ramo=null&sub_ramo=null&emisora_id=null&canceladas=false&biva=false&subTab=null&page=21","INVEX","INVEX CONTROLADORA, S.A.B. DE C.V."
"1615211487-147","https://www.biva.mx/empresas/emisoras_inscritas/emisoras_inscritas?instrumento=null&tipo_valor=null&sector=null&sub_sector=null&ramo=null&sub_ramo=null&emisora_id=null&canceladas=false&biva=false&subTab=null&page=20","ICA","EMPRESAS ICA, S.A.B. DE C.V."
"1615211522-270","https://www.biva.mx/empresas/emisoras_inscritas/emisoras_inscritas?instrumento=null&tipo_valor=null&sector=null&sub_sector=null&ramo=null&sub_ramo=null&emisora_id=null&canceladas=false&biva=false&subTab=null&page=8","CLNYCK","DEUTSCHE BANK MÉXICO, S.A. INSTITUCIÓN DE BANCA MÚLTIPLE"
"1615211476-108","https://www.biva.mx/empresas/emisoras_inscritas/emisoras_inscritas?instrumento=null&tipo_valor=null&sector=null&sub_sector=null&ramo=null&sub_ramo=null&emisora_id=null&canceladas=false&biva=false&subTab=null&page=24","MEXTRAC","NACIONAL FINANCIERA, S.N.C., INSTITUCIÓN DE BANCA DE DESARROLLO"
"1615211460-52","https://www.biva.mx/empresas/emisoras_inscritas/emisoras_inscritas?instrumento=null&tipo_valor=null&sector=null&sub_sector=null&ramo=null&sub_ramo=null&emisora_id=null&canceladas=false&biva=false&subTab=null&page=30","SPORT","GRUPO SPORTS WORLD, S.A.B. DE C.V."
"1615211479-113","https://www.biva.mx/empresas/emisoras_inscritas/emisoras_inscritas?instrumento=null&tipo_valor=null&sector=null&sub_sector=null&ramo=null&sub_ramo=null&emisora_id=null&canceladas=false&biva=false&subTab=null&page=23","LAMOSA","GRUPO LAMOSA, S.A.B. DE C.V."
"1615211479-118","https://www.biva.mx/empresas/emisoras_inscritas/emisoras_inscritas?instrumento=null&tipo_valor=null&sector=null&sub_sector=null&ramo=null&sub_ramo=null&emisora_id=null&canceladas=false&biva=false&subTab=null&page=23","LIVCK","BANCO INVEX, S.A., INSTITUCION DE BANCA MULTIPLE, INVEX GRUPO FINANCIERO"
"1615211460-46","https://www.biva.mx/empresas/emisoras_inscritas/emisoras_inscritas?instrumento=null&tipo_valor=null&sector=null&sub_sector=null&ramo=null&sub_ramo=null&emisora_id=null&canceladas=false&biva=false&subTab=null&page=30","SIMEC","GRUPO SIMEC, S.A.B. DE C.V."
"1615211526-279","https://www.biva.mx/empresas/emisoras_inscritas/emisoras_inscritas?instrumento=null&tipo_valor=null&sector=null&sub_sector=null&ramo=null&sub_ramo=null&emisora_id=null&canceladas=false&biva=false&subTab=null&page=7","CADU","CORPOVAEL S.A.B. DE C.V."
"1615211511-229","https://www.biva.mx/empresas/emisoras_inscritas/emisoras_inscritas?instrumento=null&tipo_valor=null&sector=null&sub_sector=null&ramo=null&sub_ramo=null&emisora_id=null&canceladas=false&biva=false&subTab=null&page=12","FCFE","CIBANCO, S.A., INSTITUCIÓN DE BANCA MÚLTIPLE"
"1615211476-105","https://www.biva.mx/empresas/emisoras_inscritas/emisoras_inscritas?instrumento=null&tipo_valor=null&sector=null&sub_sector=null&ramo=null&sub_ramo=null&emisora_id=null&canceladas=false&biva=false&subTab=null&page=24","MEGA","MEGACABLE HOLDINGS, S.A.B. DE C.V."
"1615211455-26","https://www.biva.mx/empresas/emisoras_inscritas/emisoras_inscritas?instrumento=null&tipo_valor=null&sector=null&sub_sector=null&ramo=null&sub_ramo=null&emisora_id=null&canceladas=false&biva=false&subTab=null&page=32","TUCK","CIBANCO, S.A., INSTITUCIÓN DE BANCA MÚLTIPLE"
"1615211539-323","https://www.biva.mx/empresas/emisoras_inscritas/emisoras_inscritas?instrumento=null&tipo_valor=null&sector=null&sub_sector=null&ramo=null&sub_ramo=null&emisora_id=null&canceladas=false&biva=false&subTab=null&page=2","AEROMEX","GRUPO AEROMÉXICO, S.A.B. DE C.V."
"1615211531-298","https://www.biva.mx/empresas/emisoras_inscritas/emisoras_inscritas?instrumento=null&tipo_valor=null&sector=null&sub_sector=null&ramo=null&sub_ramo=null&emisora_id=null&canceladas=false&biva=false&subTab=null&page=5","BALAMCK","BANCO NACIONAL DE MÉXICO, S.A., INTEGRANTE DEL GRUPO FINANCIERO BANAMEX"
"1615211500-196","https://www.biva.mx/empresas/emisoras_inscritas/emisoras_inscritas?instrumento=null&tipo_valor=null&sector=null&sub_sector=null&ramo=null&sub_ramo=null&emisora_id=null&canceladas=false&biva=false&subTab=null&page=15","FNOVA","BANCO ACTINVER, S.A. INSTITUCIÓN DE BANCA MÚLTIPLE, GRUPO FINANCIERO ACTINVER"
"1615211529-289","https://www.biva.mx/empresas/emisoras_inscritas/emisoras_inscritas?instrumento=null&tipo_valor=null&sector=null&sub_sector=null&ramo=null&sub_ramo=null&emisora_id=null&canceladas=false&biva=false&subTab=null&page=6","BLKAGPI","CIBANCO, S.A., INSTITUCIÓN DE BANCA MÚLTIPLE"
"1615211473-94","https://www.biva.mx/empresas/emisoras_inscritas/emisoras_inscritas?instrumento=null&tipo_valor=null&sector=null&sub_sector=null&ramo=null&sub_ramo=null&emisora_id=null&canceladas=false&biva=false&subTab=null&page=25","MIRAPI","CIBANCO, S.A., INSTITUCIÓN DE BANCA MÚLTIPLE"
"1615211487-144","https://www.biva.mx/empresas/emisoras_inscritas/emisoras_inscritas?instrumento=null&tipo_valor=null&sector=null&sub_sector=null&ramo=null&sub_ramo=null&emisora_id=null&canceladas=false&biva=false&subTab=null&page=20","HSBC","HSBC MÉXICO, S.A., INSTITUCIÓN DE BANCA MÚLTIPLE, GRUPO FINANCIERO HSBC"
"1615211514-240","https://www.biva.mx/empresas/emisoras_inscritas/emisoras_inscritas?instrumento=null&tipo_valor=null&sector=null&sub_sector=null&ramo=null&sub_ramo=null&emisora_id=null&canceladas=false&biva=false&subTab=null&page=11","ELEKTRA","GRUPO ELEKTRA, S.A.B. DE C.V."
"1615211539-324","https://www.biva.mx/empresas/emisoras_inscritas/emisoras_inscritas?instrumento=null&tipo_valor=null&sector=null&sub_sector=null&ramo=null&sub_ramo=null&emisora_id=null&canceladas=false&biva=false&subTab=null&page=2","AGCCK","HSBC MEXICO, S.A., INSTITUCIÓN DE BANCA MÚLTIPLE, GRUPO FINANCIERO HSBC"
"1615211498-188","https://www.biva.mx/empresas/emisoras_inscritas/emisoras_inscritas?instrumento=null&tipo_valor=null&sector=null&sub_sector=null&ramo=null&sub_ramo=null&emisora_id=null&canceladas=false&biva=false&subTab=null&page=16","GAPI","CIBANCO, S.A., INSTITUCIÓN DE BANCA MÚLTIPLE"
"1615211482-132","https://www.biva.mx/empresas/emisoras_inscritas/emisoras_inscritas?instrumento=null&tipo_valor=null&sector=null&sub_sector=null&ramo=null&sub_ramo=null&emisora_id=null&canceladas=false&biva=false&subTab=null&page=22","LALA","GRUPO LALA, S.A.B. DE C.V."
"1615211529-291","https://www.biva.mx/empresas/emisoras_inscritas/emisoras_inscritas?instrumento=null&tipo_valor=null&sector=null&sub_sector=null&ramo=null&sub_ramo=null&emisora_id=null&canceladas=false&biva=false&subTab=null&page=6","BLKPEPI","CIBANCO, S.A., INSTITUCIÓN DE BANCA MÚLTIPLE"
"1615211526-280","https://www.biva.mx/empresas/emisoras_inscritas/emisoras_inscritas?instrumento=null&tipo_valor=null&sector=null&sub_sector=null&ramo=null&sub_ramo=null&emisora_id=null&canceladas=false&biva=false&subTab=null&page=7","CAPGLPI","CIBANCO, S.A., INSTITUCIÓN DE BANCA MÚLTIPLE"
"1615211455-23","https://www.biva.mx/empresas/emisoras_inscritas/emisoras_inscritas?instrumento=null&tipo_valor=null&sector=null&sub_sector=null&ramo=null&sub_ramo=null&emisora_id=null&canceladas=false&biva=false&subTab=null&page=32","TPLAYCB","CIBANCO, S.A., INSTITUCIÓN DE BANCA MÚLTIPLE"
"1615211534-306","https://www.biva.mx/empresas/emisoras_inscritas/emisoras_inscritas?instrumento=null&tipo_valor=null&sector=null&sub_sector=null&ramo=null&sub_ramo=null&emisora_id=null&canceladas=false&biva=false&subTab=null&page=4","ASUR","GRUPO AEROPORTUARIO DEL SURESTE, S.A.B. DE C.V."
"1615211536-321","https://www.biva.mx/empresas/emisoras_inscritas/emisoras_inscritas?instrumento=null&tipo_valor=null&sector=null&sub_sector=null&ramo=null&sub_ramo=null&emisora_id=null&canceladas=false&biva=false&subTab=null&page=3","ARISTOS","CONSORCIO ARISTOS, S.A.B. DE C.V."
"1615211539-325","https://www.biva.mx/empresas/emisoras_inscritas/emisoras_inscritas?instrumento=null&tipo_valor=null&sector=null&sub_sector=null&ramo=null&sub_ramo=null&emisora_id=null&canceladas=false&biva=false&subTab=null&page=2","AGRIEXP","AGRO INDUSTRIAL EXPORTADORA, S.A. DE C.V."
"1615211539-329","https://www.biva.mx/empresas/emisoras_inscritas/emisoras_inscritas?instrumento=null&tipo_valor=null&sector=null&sub_sector=null&ramo=null&sub_ramo=null&emisora_id=null&canceladas=false&biva=false&subTab=null&page=2","ALEATIC","ALEATICA, S.A.B. DE C.V."
"1615211529-283","https://www.biva.mx/empresas/emisoras_inscritas/emisoras_inscritas?instrumento=null&tipo_valor=null&sector=null&sub_sector=null&ramo=null&sub_ramo=null&emisora_id=null&canceladas=false&biva=false&subTab=null&page=6","BBVA","BANCO BILBAO VIZCAYA ARGENTARIA, S.A."
"1615211539-331","https://www.biva.mx/empresas/emisoras_inscritas/emisoras_inscritas?instrumento=null&tipo_valor=null&sector=null&sub_sector=null&ramo=null&sub_ramo=null&emisora_id=null&canceladas=false&biva=false&subTab=null&page=2","ALLVPCK","CIBANCO, S.A., INSTITUCIÓN DE BANCA MÚLTIPLE"
"1615211473-96","https://www.biva.mx/empresas/emisoras_inscritas/emisoras_inscritas?instrumento=null&tipo_valor=null&sector=null&sub_sector=null&ramo=null&sub_ramo=null&emisora_id=null&canceladas=false&biva=false&subTab=null&page=25","MONEX","MONEX, S.A.B. DE C.V."
"1615211522-267","https://www.biva.mx/empresas/emisoras_inscritas/emisoras_inscritas?instrumento=null&tipo_valor=null&sector=null&sub_sector=null&ramo=null&sub_ramo=null&emisora_id=null&canceladas=false&biva=false&subTab=null&page=8","CIDMEGA","GRUPE, S.A.B. DE C.V."
"1615211536-322","https://www.biva.mx/empresas/emisoras_inscritas/emisoras_inscritas?instrumento=null&tipo_valor=null&sector=null&sub_sector=null&ramo=null&sub_ramo=null&emisora_id=null&canceladas=false&biva=false&subTab=null&page=3","ARRENCB","CIBANCO, S.A., INSTITUCIÓN DE BANCA MÚLTIPLE"
