web-scraper-order,web-scraper-start-url,Symbol,Name,Price (Intraday),Market Cap
"1616627771-114","https://finance.yahoo.com/screener/predefined/ms_technology?count=100&offset=300","EXTR","Extreme Networks, Inc.","8.31","1.028B"
"1616627784-388","https://finance.yahoo.com/screener/predefined/ms_technology?count=100&offset=0","CRWD","CrowdStrike Holdings, Inc.","181.60","40.656B"
"1616627780-306","https://finance.yahoo.com/screener/predefined/ms_technology?count=100&offset=100","ARW","Arrow Electronics, Inc.","103.59","7.728B"
"1616627780-323","https://finance.yahoo.com/screener/predefined/ms_technology?count=100&offset=100","CDK","CDK Global, Inc.","52.36","6.375B"
"1616627765-37","https://finance.yahoo.com/screener/predefined/ms_technology?count=100&offset=400","TESS","TESSCO Technologies Incorporated","7.40","65.328M"
"1616627784-385","https://finance.yahoo.com/screener/predefined/ms_technology?count=100&offset=0","TEL","TE Connectivity Ltd.","124.89","41.323B"
"1616627776-198","https://finance.yahoo.com/screener/predefined/ms_technology?count=100&offset=200","AMBA","Ambarella, Inc.","98.25","3.456B"
"1616627776-170","https://finance.yahoo.com/screener/predefined/ms_technology?count=100&offset=200","ASAN","Asana, Inc.","28.13","4.477B"
"1616627776-217","https://finance.yahoo.com/screener/predefined/ms_technology?count=100&offset=200","FN","Fabrinet","85.53","3.154B"
"1616627771-51","https://finance.yahoo.com/screener/predefined/ms_technology?count=100&offset=300","BTRS","BTRS Holdings Inc.","14.73","2.14B"
"1616627771-105","https://finance.yahoo.com/screener/predefined/ms_technology?count=100&offset=300","QADB","QAD Inc.","42.50","1.168B"
"1616627784-440","https://finance.yahoo.com/screener/predefined/ms_technology?count=100&offset=0","BR","Broadridge Financial Solutions, Inc.","148.87","17.239B"
"1616627776-229","https://finance.yahoo.com/screener/predefined/ms_technology?count=100&offset=200","KLIC","Kulicke and Soffa Industries, Inc.","45.13","2.802B"
"1616627780-314","https://finance.yahoo.com/screener/predefined/ms_technology?count=100&offset=100","EEFT","Euronet Worldwide, Inc.","139.52","7.36B"
"1616627784-381","https://finance.yahoo.com/screener/predefined/ms_technology?count=100&offset=0","TEAM","Atlassian Corporation Plc","210.44","52.623B"
"1616627780-285","https://finance.yahoo.com/screener/predefined/ms_technology?count=100&offset=100","DNB","Dun & Bradstreet Holdings, Inc.","24.19","10.388B"
"1616627771-50","https://finance.yahoo.com/screener/predefined/ms_technology?count=100&offset=300","UCTT","Ultra Clean Holdings, Inc.","52.84","2.146B"
"1616627771-69","https://finance.yahoo.com/screener/predefined/ms_technology?count=100&offset=300","JKS","JinkoSolar Holding Co., Ltd.","39.39","1.784B"
"1616627771-58","https://finance.yahoo.com/screener/predefined/ms_technology?count=100&offset=300","EPAY","Bottomline Technologies (de), Inc.","43.62","1.964B"
"1616627780-267","https://finance.yahoo.com/screener/predefined/ms_technology?count=100&offset=100","OTEX","Open Text Corporation","47.63","13.197B"
"1616627784-350","https://finance.yahoo.com/screener/predefined/ms_technology?count=100&offset=0","INTC","Intel Corporation","62.04","252.069B"
"1616627776-240","https://finance.yahoo.com/screener/predefined/ms_technology?count=100&offset=200","RAAS","Cloopen Group Holding Limited","15.08","2.41B"
"1616627780-325","https://finance.yahoo.com/screener/predefined/ms_technology?count=100&offset=100","LFUS","Littelfuse, Inc.","255.11","6.263B"
"1616627780-292","https://finance.yahoo.com/screener/predefined/ms_technology?count=100&offset=100","WEX","WEX Inc.","209.78","9.27B"
"1616627776-171","https://finance.yahoo.com/screener/predefined/ms_technology?count=100&offset=200","SONO","Sonos, Inc.","37.17","4.451B"
"1616627771-49","https://finance.yahoo.com/screener/predefined/ms_technology?count=100&offset=300","MFGP","Micro Focus International plc","6.53","2.201B"
"1616627780-312","https://finance.yahoo.com/screener/predefined/ms_technology?count=100&offset=100","JBL","Jabil Inc.","48.79","7.327B"
"1616627780-282","https://finance.yahoo.com/screener/predefined/ms_technology?count=100&offset=100","IPGP","IPG Photonics Corporation","202.83","10.858B"
"1616627784-346","https://finance.yahoo.com/screener/predefined/ms_technology?count=100&offset=0","AAPL","Apple Inc.","120.09","2.016T"
"1616627780-253","https://finance.yahoo.com/screener/predefined/ms_technology?count=100&offset=100","ZEN","Zendesk, Inc.","129.01","15.192B"
"1616627780-290","https://finance.yahoo.com/screener/predefined/ms_technology?count=100&offset=100","MKSI","MKS Instruments, Inc.","170.50","9.415B"
"1616627765-40","https://finance.yahoo.com/screener/predefined/ms_technology?count=100&offset=400","SABRP","Sabre Corporation","184.23","N/A"
"1616627771-128","https://finance.yahoo.com/screener/predefined/ms_technology?count=100&offset=300","SCSC","ScanSource, Inc.","29.88","760.5M"
"1616627771-93","https://finance.yahoo.com/screener/predefined/ms_technology?count=100&offset=300","MLAB","Mesa Laboratories, Inc.","244.79","1.256B"
"1616627765-26","https://finance.yahoo.com/screener/predefined/ms_technology?count=100&offset=400","BELFB","Bel Fuse Inc.","18.68","230.733M"
"1616627780-315","https://finance.yahoo.com/screener/predefined/ms_technology?count=100&offset=100","FLIR","FLIR Systems, Inc.","54.76","7.187B"
"1616627776-244","https://finance.yahoo.com/screener/predefined/ms_technology?count=100&offset=200","SATS","EchoStar Corporation","23.85","2.217B"
"1616627776-191","https://finance.yahoo.com/screener/predefined/ms_technology?count=100&offset=200","MTSI","MACOM Technology Solutions Holdings, Inc.","55.68","3.805B"
"1616627784-380","https://finance.yahoo.com/screener/predefined/ms_technology?count=100&offset=0","ADI","Analog Devices, Inc.","150.44","55.496B"
"1616627771-77","https://finance.yahoo.com/screener/predefined/ms_technology?count=100&offset=300","ZUO","Zuora, Inc.","13.90","1.657B"
"1616627776-192","https://finance.yahoo.com/screener/predefined/ms_technology?count=100&offset=200","DM","Desktop Metal, Inc.","16.57","4.051B"
"1616627765-28","https://finance.yahoo.com/screener/predefined/ms_technology?count=100&offset=400","LYTS","LSI Industries Inc.","8.23","217.566M"
"1616627776-239","https://finance.yahoo.com/screener/predefined/ms_technology?count=100&offset=200","NVMI","Nova Measuring Instruments Ltd.","85.83","2.42B"
"1616627784-438","https://finance.yahoo.com/screener/predefined/ms_technology?count=100&offset=0","TRMB","Trimble Inc.","70.93","17.802B"
"1616627780-265","https://finance.yahoo.com/screener/predefined/ms_technology?count=100&offset=100","DT","Dynatrace, Inc.","48.04","13.576B"
"1616627765-31","https://finance.yahoo.com/screener/predefined/ms_technology?count=100&offset=400","GSIT","GSI Technology, Inc.","7.08","168.49M"
"1616627765-6","https://finance.yahoo.com/screener/predefined/ms_technology?count=100&offset=400","HCKT","The Hackett Group, Inc.","15.92","481.486M"
"1616627771-62","https://finance.yahoo.com/screener/predefined/ms_technology?count=100&offset=300","KN","Knowles Corporation","20.41","1.892B"
"1616627784-365","https://finance.yahoo.com/screener/predefined/ms_technology?count=100&offset=0","INTU","Intuit Inc.","377.29","103.317B"
"1616627780-340","https://finance.yahoo.com/screener/predefined/ms_technology?count=100&offset=100","AYX","Alteryx, Inc.","83.81","5.604B"
"1616627771-134","https://finance.yahoo.com/screener/predefined/ms_technology?count=100&offset=300","VIOT","Viomi Technology Co., Ltd","10.53","731.659M"
"1616627771-129","https://finance.yahoo.com/screener/predefined/ms_technology?count=100&offset=300","HLIT","Harmonic Inc.","7.69","775.513M"
"1616627771-88","https://finance.yahoo.com/screener/predefined/ms_technology?count=100&offset=300","PLUS","ePlus inc.","98.84","1.335B"
"1616627776-179","https://finance.yahoo.com/screener/predefined/ms_technology?count=100&offset=200","ATC","Atotech Limited","21.47","4.179B"
"1616627771-121","https://finance.yahoo.com/screener/predefined/ms_technology?count=100&offset=300","INSG","Inseego Corp.","9.31","948.987M"
"1616627771-142","https://finance.yahoo.com/screener/predefined/ms_technology?count=100&offset=300","CMTL","Comtech Telecommunications Corp.","24.31","633.365M"
"1616627776-222","https://finance.yahoo.com/screener/predefined/ms_technology?count=100&offset=200","CVLT","Commvault Systems, Inc.","62.75","2.949B"
"1616627771-131","https://finance.yahoo.com/screener/predefined/ms_technology?count=100&offset=300","PLAB","Photronics, Inc.","11.74","779.298M"
"1616627771-127","https://finance.yahoo.com/screener/predefined/ms_technology?count=100&offset=300","ADTN","ADTRAN, Inc.","16.10","778.235M"
"1616627776-196","https://finance.yahoo.com/screener/predefined/ms_technology?count=100&offset=200","VIAV","Viavi Solutions Inc.","15.65","3.58B"
"1616627784-399","https://finance.yahoo.com/screener/predefined/ms_technology?count=100&offset=0","MRVL","Marvell Technology Group Ltd.","45.25","30.575B"
"1616627776-211","https://finance.yahoo.com/screener/predefined/ms_technology?count=100&offset=200","CLDR","Cloudera, Inc.","11.59","3.323B"
"1616627776-221","https://finance.yahoo.com/screener/predefined/ms_technology?count=100&offset=200","ONTO","Onto Innovation Inc.","61.37","3.147B"
"1616627776-242","https://finance.yahoo.com/screener/predefined/ms_technology?count=100&offset=200","CALX","Calix, Inc.","37.89","2.366B"
"1616627784-435","https://finance.yahoo.com/screener/predefined/ms_technology?count=100&offset=0","TER","Teradyne, Inc.","112.00","18.67B"
"1616627765-45","https://finance.yahoo.com/screener/predefined/ms_technology?count=100&offset=400","AVGOP","Broadcom Inc.","1,477.36","N/A"
"1616627780-310","https://finance.yahoo.com/screener/predefined/ms_technology?count=100&offset=100","MANH","Manhattan Associates, Inc.","115.66","7.379B"
"1616627780-260","https://finance.yahoo.com/screener/predefined/ms_technology?count=100&offset=100","ENTG","Entegris, Inc.","102.65","13.883B"
"1616627780-295","https://finance.yahoo.com/screener/predefined/ms_technology?count=100&offset=100","RP","RealPage, Inc.","87.24","8.907B"
"1616627771-54","https://finance.yahoo.com/screener/predefined/ms_technology?count=100&offset=300","SIMO","Silicon Motion Technology Corporation","58.18","2.045B"
"1616627776-154","https://finance.yahoo.com/screener/predefined/ms_technology?count=100&offset=200","DAVA","Endava plc","83.58","5.079B"
"1616627784-403","https://finance.yahoo.com/screener/predefined/ms_technology?count=100&offset=0","SWKS","Skyworks Solutions, Inc.","171.19","28.229B"
"1616627776-161","https://finance.yahoo.com/screener/predefined/ms_technology?count=100&offset=200","RXT","Rackspace Technology, Inc.","22.71","4.667B"
"1616627776-177","https://finance.yahoo.com/screener/predefined/ms_technology?count=100&offset=200","ACIW","ACI Worldwide, Inc.","37.03","4.338B"
"1616627780-247","https://finance.yahoo.com/screener/predefined/ms_technology?count=100&offset=100","IT","Gartner, Inc.","181.10","16.067B"
"1616627771-125","https://finance.yahoo.com/screener/predefined/ms_technology?count=100&offset=300","MGIC","Magic Software Enterprises Ltd.","16.19","762.889M"
"1616627776-237","https://finance.yahoo.com/screener/predefined/ms_technology?count=100&offset=200","PLXS","Plexus Corp.","88.59","2.614B"
"1616627784-420","https://finance.yahoo.com/screener/predefined/ms_technology?count=100&offset=0","SPLK","Splunk Inc.","134.94","21.823B"
"1616627776-194","https://finance.yahoo.com/screener/predefined/ms_technology?count=100&offset=200","BOX","Box, Inc.","22.99","3.675B"
"1616627780-304","https://finance.yahoo.com/screener/predefined/ms_technology?count=100&offset=100","CIEN","Ciena Corporation","52.51","8.139B"
"1616627776-226","https://finance.yahoo.com/screener/predefined/ms_technology?count=100&offset=200","COMM","CommScope Holding Company, Inc.","14.63","2.938B"
"1616627776-165","https://finance.yahoo.com/screener/predefined/ms_technology?count=100&offset=200","SAIL","SailPoint Technologies Holdings, Inc.","50.00","4.598B"
"1616627784-395","https://finance.yahoo.com/screener/predefined/ms_technology?count=100&offset=0","WIT","Wipro Limited","6.34","31.15B"
"1616627771-138","https://finance.yahoo.com/screener/predefined/ms_technology?count=100&offset=300","ABST","Absolute Software Corporation","14.26","705.385M"
"1616627771-123","https://finance.yahoo.com/screener/predefined/ms_technology?count=100&offset=300","EBIX","Ebix, Inc.","28.96","896.677M"
"1616627780-250","https://finance.yahoo.com/screener/predefined/ms_technology?count=100&offset=100","ON","ON Semiconductor Corporation","38.12","15.701B"
"1616627771-141","https://finance.yahoo.com/screener/predefined/ms_technology?count=100&offset=300","PDFS","PDF Solutions, Inc.","16.84","645.691M"
"1616627771-61","https://finance.yahoo.com/screener/predefined/ms_technology?count=100&offset=300","SMCI","Super Micro Computer, Inc.","37.39","1.891B"
"1616627771-75","https://finance.yahoo.com/screener/predefined/ms_technology?count=100&offset=300","YEXT","Yext, Inc.","13.90","1.735B"
"1616627784-348","https://finance.yahoo.com/screener/predefined/ms_technology?count=100&offset=0","TSM","Taiwan Semiconductor Manufacturing Company Limited","108.96","498.781B"
"1616627784-427","https://finance.yahoo.com/screener/predefined/ms_technology?count=100&offset=0","EPAM","EPAM Systems, Inc.","368.51","20.703B"
"1616627780-291","https://finance.yahoo.com/screener/predefined/ms_technology?count=100&offset=100","PCTY","Paylocity Holding Corporation","171.29","9.314B"
"1616627784-442","https://finance.yahoo.com/screener/predefined/ms_technology?count=100&offset=0","LOGI","Logitech International S.A.","102.22","17.492B"
"1616627780-270","https://finance.yahoo.com/screener/predefined/ms_technology?count=100&offset=100","NLOK","NortonLifeLock Inc.","21.06","12.215B"
"1616627784-421","https://finance.yahoo.com/screener/predefined/ms_technology?count=100&offset=0","ANET","Arista Networks, Inc.","284.46","21.713B"
"1616627765-27","https://finance.yahoo.com/screener/predefined/ms_technology?count=100&offset=400","KVHI","KVH Industries, Inc.","11.97","220.605M"
"1616627776-148","https://finance.yahoo.com/screener/predefined/ms_technology?count=100&offset=200","SPWR","SunPower Corporation","30.69","5.234B"
"1616627780-297","https://finance.yahoo.com/screener/predefined/ms_technology?count=100&offset=100","IPHI","Inphi Corporation","169.08","9.075B"
"1616627771-100","https://finance.yahoo.com/screener/predefined/ms_technology?count=100&offset=300","LINX","Linx S.A.","6.65","1.181B"
"1616627780-345","https://finance.yahoo.com/screener/predefined/ms_technology?count=100&offset=100","QTWO","Q2 Holdings, Inc.","101.60","5.649B"
"1616627784-351","https://finance.yahoo.com/screener/predefined/ms_technology?count=100&offset=0","ASML","ASML Holding N.V.","578.58","243.129B"
"1616627776-147","https://finance.yahoo.com/screener/predefined/ms_technology?count=100&offset=200","SWI","SolarWinds Corporation","16.70","5.271B"
"1616627776-234","https://finance.yahoo.com/screener/predefined/ms_technology?count=100&offset=200","EVTC","EVERTEC, Inc.","36.40","2.625B"
"1616627784-390","https://finance.yahoo.com/screener/predefined/ms_technology?count=100&offset=0","DOCU","DocuSign, Inc.","198.46","37.957B"
"1616627771-145","https://finance.yahoo.com/screener/predefined/ms_technology?count=100&offset=300","NPTN","NeoPhotonics Corporation","11.49","583.485M"
"1616627771-78","https://finance.yahoo.com/screener/predefined/ms_technology?count=100&offset=300","VRNS","Varonis Systems, Inc.","51.88","5.314B"
"1616627784-429","https://finance.yahoo.com/screener/predefined/ms_technology?count=100&offset=0","LYFT","Lyft, Inc.","60.97","20.055B"
"1616627784-367","https://finance.yahoo.com/screener/predefined/ms_technology?count=100&offset=0","SQ","Square, Inc.","213.51","97.065B"
"1616627771-64","https://finance.yahoo.com/screener/predefined/ms_technology?count=100&offset=300","MTLS","Materialise NV","34.11","1.848B"
"1616627784-400","https://finance.yahoo.com/screener/predefined/ms_technology?count=100&offset=0","XLNX","Xilinx, Inc.","119.96","29.481B"
"1616627784-360","https://finance.yahoo.com/screener/predefined/ms_technology?count=100&offset=0","SAP","SAP SE","121.09","143.609B"
"1616627784-363","https://finance.yahoo.com/screener/predefined/ms_technology?count=100&offset=0","IBM","International Business Machines Corporation","130.62","116.721B"
"1616627776-208","https://finance.yahoo.com/screener/predefined/ms_technology?count=100&offset=200","PS","Pluralsight, Inc.","22.31","3.312B"
"1616627784-387","https://finance.yahoo.com/screener/predefined/ms_technology?count=100&offset=0","CTSH","Cognizant Technology Solutions Corporation","76.94","40.825B"
"1616627784-375","https://finance.yahoo.com/screener/predefined/ms_technology?count=100&offset=0","DELL","Dell Technologies Inc.","86.35","64.746B"
"1616627780-273","https://finance.yahoo.com/screener/predefined/ms_technology?count=100&offset=100","CDAY","Ceridian HCM Holding Inc.","80.80","12.024B"
"1616627784-398","https://finance.yahoo.com/screener/predefined/ms_technology?count=100&offset=0","MSI","Motorola Solutions, Inc.","181.04","30.601B"
"1616627780-287","https://finance.yahoo.com/screener/predefined/ms_technology?count=100&offset=100","ESTC","Elastic N.V.","111.22","9.984B"
"1616627780-252","https://finance.yahoo.com/screener/predefined/ms_technology?count=100&offset=100","NTAP","NetApp, Inc.","68.63","15.277B"
"1616627776-160","https://finance.yahoo.com/screener/predefined/ms_technology?count=100&offset=200","FEYE","FireEye, Inc.","19.66","4.691B"
"1616627776-210","https://finance.yahoo.com/screener/predefined/ms_technology?count=100&offset=200","ROG","Rogers Corporation","178.28","3.334B"
"1616627776-159","https://finance.yahoo.com/screener/predefined/ms_technology?count=100&offset=200","XRX","Xerox Holdings Corporation","23.48","4.664B"
"1616627780-327","https://finance.yahoo.com/screener/predefined/ms_technology?count=100&offset=100","CACI","CACI International Inc","244.81","6.177B"
"1616627780-294","https://finance.yahoo.com/screener/predefined/ms_technology?count=100&offset=100","ST","Sensata Technologies Holding plc","58.04","9.15B"
"1616627765-19","https://finance.yahoo.com/screener/predefined/ms_technology?count=100&offset=400","UEPS","Net 1 UEPS Technologies, Inc.","5.51","321.037M"
"1616627784-443","https://finance.yahoo.com/screener/predefined/ms_technology?count=100&offset=0","STX","Seagate Technology plc","71.33","16.515B"
"1616627765-5","https://finance.yahoo.com/screener/predefined/ms_technology?count=100&offset=400","ITRN","Ituran Location and Control Ltd.","20.99","492.749M"
"1616627771-119","https://finance.yahoo.com/screener/predefined/ms_technology?count=100&offset=300","CTS","CTS Corporation","30.18","976.275M"
"1616627780-248","https://finance.yahoo.com/screener/predefined/ms_technology?count=100&offset=100","AKAM","Akamai Technologies, Inc.","98.39","16.059B"
"1616627765-16","https://finance.yahoo.com/screener/predefined/ms_technology?count=100&offset=400","AVNW","Aviat Networks, Inc.","63.73","354.589M"
"1616627784-425","https://finance.yahoo.com/screener/predefined/ms_technology?count=100&offset=0","UI","Ubiquiti Inc.","329.48","20.694B"
"1616627784-364","https://finance.yahoo.com/screener/predefined/ms_technology?count=100&offset=0","AMAT","Applied Materials, Inc.","121.10","111.129B"
"1616627784-393","https://finance.yahoo.com/screener/predefined/ms_technology?count=100&offset=0","CDNS","Cadence Design Systems, Inc.","126.97","35.421B"
"1616627780-342","https://finance.yahoo.com/screener/predefined/ms_technology?count=100&offset=100","SAIC","Science Applications International Corporation","94.83","5.521B"
"1616627765-22","https://finance.yahoo.com/screener/predefined/ms_technology?count=100&offset=400","DAKT","Daktronics, Inc.","5.92","266.201M"
"1616627776-150","https://finance.yahoo.com/screener/predefined/ms_technology?count=100&offset=200","CYBR","CyberArk Software Ltd.","134.47","5.256B"
"1616627780-331","https://finance.yahoo.com/screener/predefined/ms_technology?count=100&offset=100","LITE","Lumentum Holdings Inc.","79.00","5.98B"
"1616627784-369","https://finance.yahoo.com/screener/predefined/ms_technology?count=100&offset=0","AMD","Advanced Micro Devices, Inc.","76.48","92.642B"
"1616627784-372","https://finance.yahoo.com/screener/predefined/ms_technology?count=100&offset=0","FISV","Fiserv, Inc.","123.25","82.511B"
"1616627784-413","https://finance.yahoo.com/screener/predefined/ms_technology?count=100&offset=0","ZS","Zscaler, Inc.","175.10","23.803B"
"1616627780-289","https://finance.yahoo.com/screener/predefined/ms_technology?count=100&offset=100","MCFE","McAfee Corp.","22.45","9.64B"
"1616627765-9","https://finance.yahoo.com/screener/predefined/ms_technology?count=100&offset=400","ZIXI","Zix Corporation","7.26","414.476M"
"1616627780-264","https://finance.yahoo.com/screener/predefined/ms_technology?count=100&offset=100","CGNX","Cognex Corporation","77.50","13.687B"
"1616627780-275","https://finance.yahoo.com/screener/predefined/ms_technology?count=100&offset=100","JKHY","Jack Henry & Associates, Inc.","153.92","11.71B"
"1616627771-92","https://finance.yahoo.com/screener/predefined/ms_technology?count=100&offset=300","PI","Impinj, Inc.","54.44","1.274B"
"1616627771-80","https://finance.yahoo.com/screener/predefined/ms_technology?count=100&offset=300","CSGS","CSG Systems International, Inc.","47.42","1.548B"
"1616627780-311","https://finance.yahoo.com/screener/predefined/ms_technology?count=100&offset=100","PFPT","Proofpoint, Inc.","129.02","7.338B"
"1616627771-103","https://finance.yahoo.com/screener/predefined/ms_technology?count=100&offset=300","CNXN","PC Connection, Inc.","45.10","1.18B"
"1616627780-337","https://finance.yahoo.com/screener/predefined/ms_technology?count=100&offset=100","LSCC","Lattice Semiconductor Corporation","41.55","5.673B"
"1616627780-324","https://finance.yahoo.com/screener/predefined/ms_technology?count=100&offset=100","COHR","Coherent, Inc.","257.64","6.303B"
"1616627784-377","https://finance.yahoo.com/screener/predefined/ms_technology?count=100&offset=0","WDAY","Workday, Inc.","246.07","59.77B"
"1616627771-97","https://finance.yahoo.com/screener/predefined/ms_technology?count=100&offset=300","NTGR","NETGEAR, Inc.","40.38","1.291B"
"1616627771-87","https://finance.yahoo.com/screener/predefined/ms_technology?count=100&offset=300","FORTY","Formula Systems (1985) Ltd.","87.63","1.346B"
"1616627784-404","https://finance.yahoo.com/screener/predefined/ms_technology?count=100&offset=0","FTNT","Fortinet, Inc.","171.30","27.955B"
"1616627780-262","https://finance.yahoo.com/screener/predefined/ms_technology?count=100&offset=100","ASX","ASE Technology Holding Co., Ltd.","7.42","15.301B"
"1616627771-101","https://finance.yahoo.com/screener/predefined/ms_technology?count=100&offset=300","QADA","QAD Inc.","59.98","1.185B"
"1616627771-113","https://finance.yahoo.com/screener/predefined/ms_technology?count=100&offset=300","CLS","Celestica Inc.","8.14","1.052B"
"1616627784-353","https://finance.yahoo.com/screener/predefined/ms_technology?count=100&offset=0","CSCO","Cisco Systems, Inc.","49.65","209.612B"
"1616627765-39","https://finance.yahoo.com/screener/predefined/ms_technology?count=100&offset=400","MKTY","Mechanical Technology, Incorporated","10.41","102.246M"
"1616627776-227","https://finance.yahoo.com/screener/predefined/ms_technology?count=100&offset=200","BAND","Bandwidth Inc.","116.05","2.901B"
"1616627765-8","https://finance.yahoo.com/screener/predefined/ms_technology?count=100&offset=400","VOXX","VOXX International Corporation","18.66","446.495M"
"1616627771-112","https://finance.yahoo.com/screener/predefined/ms_technology?count=100&offset=300","DBD","Diebold Nixdorf, Incorporated","13.56","1.06B"
"1616627776-205","https://finance.yahoo.com/screener/predefined/ms_technology?count=100&offset=200","VSH","Vishay Intertechnology, Inc.","23.24","3.364B"
"1616627765-44","https://finance.yahoo.com/screener/predefined/ms_technology?count=100&offset=400","ACVA","ACV Auctions Inc.","31.25","N/A"
"1616627776-228","https://finance.yahoo.com/screener/predefined/ms_technology?count=100&offset=200","CRSR","Corsair Gaming, Inc.","30.80","2.831B"
"1616627784-430","https://finance.yahoo.com/screener/predefined/ms_technology?count=100&offset=0","WDC","Western Digital Corporation","63.66","19.486B"
"1616627771-70","https://finance.yahoo.com/screener/predefined/ms_technology?count=100&offset=300","PING","Ping Identity Holding Corp.","21.68","1.779B"
"1616627776-207","https://finance.yahoo.com/screener/predefined/ms_technology?count=100&offset=200","NOVA","Sunnova Energy International Inc.","34.00","3.674B"
"1616627776-230","https://finance.yahoo.com/screener/predefined/ms_technology?count=100&offset=200","CSOD","Cornerstone OnDemand, Inc.","43.23","2.814B"
"1616627780-313","https://finance.yahoo.com/screener/predefined/ms_technology?count=100&offset=100","FSLY","Fastly, Inc.","64.50","7.392B"
"1616627765-12","https://finance.yahoo.com/screener/predefined/ms_technology?count=100&offset=400","SOS","SOS Limited","6.09","755.532M"
"1616627771-46","https://finance.yahoo.com/screener/predefined/ms_technology?count=100&offset=300","XPER","Xperi Holding Corporation","21.67","2.271B"
"1616627784-394","https://finance.yahoo.com/screener/predefined/ms_technology?count=100&offset=0","STM","STMicroelectronics N.V.","36.69","33.452B"
"1616627784-366","https://finance.yahoo.com/screener/predefined/ms_technology?count=100&offset=0","UBER","Uber Technologies, Inc.","52.57","97.702B"
"1616627784-431","https://finance.yahoo.com/screener/predefined/ms_technology?count=100&offset=0","QRVO","Qorvo, Inc.","171.79","19.457B"
"1616627771-104","https://finance.yahoo.com/screener/predefined/ms_technology?count=100&offset=300","MODN","Model N, Inc.","32.85","1.151B"
"1616627784-370","https://finance.yahoo.com/screener/predefined/ms_technology?count=100&offset=0","NOW","ServiceNow, Inc.","472.32","92.622B"
"1616627771-86","https://finance.yahoo.com/screener/predefined/ms_technology?count=100&offset=300","SSYS","Stratasys Ltd.","23.72","1.507B"
"1616627776-175","https://finance.yahoo.com/screener/predefined/ms_technology?count=100&offset=200","FROG","JFrog Ltd.","47.63","4.39B"
"1616627780-328","https://finance.yahoo.com/screener/predefined/ms_technology?count=100&offset=100","BL","BlackLine, Inc.","106.57","6.158B"
"1616627776-216","https://finance.yahoo.com/screener/predefined/ms_technology?count=100&offset=200","PD","PagerDuty, Inc.","38.54","3.201B"
"1616627776-172","https://finance.yahoo.com/screener/predefined/ms_technology?count=100&offset=200","ALTR","Altair Engineering Inc.","60.02","4.477B"
"1616627765-21","https://finance.yahoo.com/screener/predefined/ms_technology?count=100&offset=400","MIXT","MiX Telematics Limited","13.14","287.616M"
"1616627776-224","https://finance.yahoo.com/screener/predefined/ms_technology?count=100&offset=200","TSEM","Tower Semiconductor Ltd.","27.60","3.11B"
"1616627776-225","https://finance.yahoo.com/screener/predefined/ms_technology?count=100&offset=200","YALA","Yalla Group Limited","20.32","2.91B"
"1616627776-152","https://finance.yahoo.com/screener/predefined/ms_technology?count=100&offset=200","VNT","Vontier Corporation","30.80","5.191B"
"1616627771-133","https://finance.yahoo.com/screener/predefined/ms_technology?count=100&offset=300","USAT","USA Technologies, Inc.","11.41","810.297M"
"1616627780-339","https://finance.yahoo.com/screener/predefined/ms_technology?count=100&offset=100","DCT","Duck Creek Technologies, Inc.","42.78","5.605B"
"1616627784-358","https://finance.yahoo.com/screener/predefined/ms_technology?count=100&offset=0","TXN","Texas Instruments Incorporated","178.90","165.126B"
"1616627780-332","https://finance.yahoo.com/screener/predefined/ms_technology?count=100&offset=100","MSTR","MicroStrategy Incorporated","621.57","5.959B"
"1616627784-441","https://finance.yahoo.com/screener/predefined/ms_technology?count=100&offset=0","SSNC","SS&C Technologies Holdings, Inc.","67.31","17.344B"
"1616627776-223","https://finance.yahoo.com/screener/predefined/ms_technology?count=100&offset=200","EXLS","ExlService Holdings, Inc.","86.96","2.911B"
"1616627771-68","https://finance.yahoo.com/screener/predefined/ms_technology?count=100&offset=300","SUMO","Sumo Logic, Inc.","17.53","1.8B"
"1616627780-335","https://finance.yahoo.com/screener/predefined/ms_technology?count=100&offset=100","CD","Chindata Group Holdings Limited","15.89","5.708B"
"1616627780-326","https://finance.yahoo.com/screener/predefined/ms_technology?count=100&offset=100","AI","C3.ai, Inc.","64.52","6.512B"
"1616627784-361","https://finance.yahoo.com/screener/predefined/ms_technology?count=100&offset=0","SHOP","Shopify Inc.","1,106.01","136.351B"
"1616627765-24","https://finance.yahoo.com/screener/predefined/ms_technology?count=100&offset=400","HBB","Hamilton Beach Brands Holding Company","17.18","238.087M"
"1616627780-269","https://finance.yahoo.com/screener/predefined/ms_technology?count=100&offset=100","GDDY","GoDaddy Inc.","74.63","12.693B"
"1616627765-7","https://finance.yahoo.com/screener/predefined/ms_technology?count=100&offset=400","AXTI","AXT, Inc.","11.22","463.386M"
"1616627776-193","https://finance.yahoo.com/screener/predefined/ms_technology?count=100&offset=200","VNET","21Vianet Group, Inc.","28.08","3.732B"
"1616627771-84","https://finance.yahoo.com/screener/predefined/ms_technology?count=100&offset=300","MEI","Methode Electronics, Inc.","40.10","1.542B"
"1616627765-43","https://finance.yahoo.com/screener/predefined/ms_technology?count=100&offset=400","OUST","Ouster, Inc.","8.15","N/A"
"1616627776-190","https://finance.yahoo.com/screener/predefined/ms_technology?count=100&offset=200","SWCH","Switch, Inc.","15.81","3.814B"
"1616627780-343","https://finance.yahoo.com/screener/predefined/ms_technology?count=100&offset=100","NATI","National Instruments Corporation","41.80","5.661B"
"1616627765-20","https://finance.yahoo.com/screener/predefined/ms_technology?count=100&offset=400","VIAO","VIA optronics AG","12.70","287.699M"
"1616627776-219","https://finance.yahoo.com/screener/predefined/ms_technology?count=100&offset=200","IRBT","iRobot Corporation","111.77","3.152B"
"1616627776-241","https://finance.yahoo.com/screener/predefined/ms_technology?count=100&offset=200","MXL","MaxLinear, Inc.","32.19","2.4B"
"1616627784-373","https://finance.yahoo.com/screener/predefined/ms_technology?count=100&offset=0","LRCX","Lam Research Corporation","552.45","78.95B"
"1616627765-41","https://finance.yahoo.com/screener/predefined/ms_technology?count=100&offset=400","IIVIP","II-VI Incorporated","283.65","N/A"
"1616627771-107","https://finance.yahoo.com/screener/predefined/ms_technology?count=100&offset=300","MTSC","MTS Systems Corporation","58.25","1.134B"
"1616627771-143","https://finance.yahoo.com/screener/predefined/ms_technology?count=100&offset=300","ECOM","ChannelAdvisor Corporation","20.77","617.193M"
"1616627771-140","https://finance.yahoo.com/screener/predefined/ms_technology?count=100&offset=300","SOL","ReneSola Ltd","10.67","742.437M"
"1616627776-176","https://finance.yahoo.com/screener/predefined/ms_technology?count=100&offset=200","WK","Workiva Inc.","89.84","4.456B"
"1616627771-59","https://finance.yahoo.com/screener/predefined/ms_technology?count=100&offset=300","HIMX","Himax Technologies, Inc.","11.40","1.963B"
"1616627776-243","https://finance.yahoo.com/screener/predefined/ms_technology?count=100&offset=200","ONTF","ON24, Inc.","52.22","2.253B"
"1616627765-35","https://finance.yahoo.com/screener/predefined/ms_technology?count=100&offset=400","PCTI","PCTEL, Inc.","6.98","134.388M"
"1616627784-401","https://finance.yahoo.com/screener/predefined/ms_technology?count=100&offset=0","ANSS","ANSYS, Inc.","330.37","28.66B"
"1616627776-209","https://finance.yahoo.com/screener/predefined/ms_technology?count=100&offset=200","EGHT","8x8, Inc.","30.99","3.331B"
"1616627780-284","https://finance.yahoo.com/screener/predefined/ms_technology?count=100&offset=100","DOX","Amdocs Limited","78.77","10.305B"
"1616627771-98","https://finance.yahoo.com/screener/predefined/ms_technology?count=100&offset=300","RDWR","Radware Ltd.","26.15","1.207B"
"1616627776-202","https://finance.yahoo.com/screener/predefined/ms_technology?count=100&offset=200","ITRI","Itron, Inc.","83.95","3.772B"
"1616627771-135","https://finance.yahoo.com/screener/predefined/ms_technology?count=100&offset=300","ZEPP","Zepp Health Corporation","11.10","687.639M"
"1616627780-341","https://finance.yahoo.com/screener/predefined/ms_technology?count=100&offset=100","BRKS","Brooks Automation, Inc.","74.74","5.547B"
"1616627776-231","https://finance.yahoo.com/screener/predefined/ms_technology?count=100&offset=200","DSP","Viant Technology Inc.","47.29","2.787B"
"1616627771-48","https://finance.yahoo.com/screener/predefined/ms_technology?count=100&offset=300","RMBS","Rambus Inc.","19.24","2.15B"
"1616627784-409","https://finance.yahoo.com/screener/predefined/ms_technology?count=100&offset=0","ZBRA","Zebra Technologies Corporation","463.81","24.799B"
"1616627780-309","https://finance.yahoo.com/screener/predefined/ms_technology?count=100&offset=100","TIXT","TELUS International (Cda) Inc.","27.49","7.493B"
"1616627771-136","https://finance.yahoo.com/screener/predefined/ms_technology?count=100&offset=300","MX","MagnaChip Semiconductor Corporation","20.36","1.025B"
"1616627780-303","https://finance.yahoo.com/screener/predefined/ms_technology?count=100&offset=100","G","Genpact Limited","43.38","8.161B"
"1616627780-272","https://finance.yahoo.com/screener/predefined/ms_technology?count=100&offset=100","NUAN","Nuance Communications, Inc.","42.47","12.106B"
"1616627771-132","https://finance.yahoo.com/screener/predefined/ms_technology?count=100&offset=300","UEIC","Universal Electronics Inc.","54.39","751.05M"
"1616627765-1","https://finance.yahoo.com/screener/predefined/ms_technology?count=100&offset=400","DMRC","Digimarc Corporation","33.85","570.257M"
"1616627780-329","https://finance.yahoo.com/screener/predefined/ms_technology?count=100&offset=100","NCNO","nCino, Inc.","65.13","6.011B"
"1616627784-378","https://finance.yahoo.com/screener/predefined/ms_technology?count=100&offset=0","SNOW","Snowflake Inc.","208.60","45.942B"
"1616627784-411","https://finance.yahoo.com/screener/predefined/ms_technology?count=100&offset=0","GRMN","Garmin Ltd.","126.78","24.287B"
"1616627780-320","https://finance.yahoo.com/screener/predefined/ms_technology?count=100&offset=100","DXC","DXC Technology Company","26.35","6.709B"
"1616627765-3","https://finance.yahoo.com/screener/predefined/ms_technology?count=100&offset=400","SWIR","Sierra Wireless, Inc.","14.71","544.211M"
"1616627780-288","https://finance.yahoo.com/screener/predefined/ms_technology?count=100&offset=100","AZPN","Aspen Technology, Inc.","143.06","9.705B"
"1616627776-206","https://finance.yahoo.com/screener/predefined/ms_technology?count=100&offset=200","RAMP","LiveRamp Holdings, Inc.","49.88","3.338B"
"1616627771-99","https://finance.yahoo.com/screener/predefined/ms_technology?count=100&offset=300","LASR","nLIGHT, Inc.","30.63","1.297B"
"1616627776-184","https://finance.yahoo.com/screener/predefined/ms_technology?count=100&offset=200","MDLA","Medallia, Inc.","26.84","4.172B"
"1616627780-258","https://finance.yahoo.com/screener/predefined/ms_technology?count=100&offset=100","TDY","Teledyne Technologies Incorporated","388.10","14.368B"
"1616627765-17","https://finance.yahoo.com/screener/predefined/ms_technology?count=100&offset=400","DSPG","DSP Group, Inc.","14.21","344.251M"
"1616627784-426","https://finance.yahoo.com/screener/predefined/ms_technology?count=100&offset=0","GIB","CGI Inc.","81.43","20.772B"
"1616627776-197","https://finance.yahoo.com/screener/predefined/ms_technology?count=100&offset=200","VICR","Vicor Corporation","82.69","3.59B"
"1616627771-137","https://finance.yahoo.com/screener/predefined/ms_technology?count=100&offset=300","ATEN","A10 Networks, Inc.","9.40","723.895M"
"1616627776-178","https://finance.yahoo.com/screener/predefined/ms_technology?count=100&offset=200","SMTC","Semtech Corporation","65.77","4.275B"
"1616627780-301","https://finance.yahoo.com/screener/predefined/ms_technology?count=100&offset=100","GLOB","Globant S.A.","208.98","8.338B"
"1616627771-96","https://finance.yahoo.com/screener/predefined/ms_technology?count=100&offset=300","ACLS","Axcelis Technologies, Inc.","36.40","1.228B"
"1616627784-368","https://finance.yahoo.com/screener/predefined/ms_technology?count=100&offset=0","MU","Micron Technology, Inc.","83.00","92.85B"
"1616627780-277","https://finance.yahoo.com/screener/predefined/ms_technology?count=100&offset=100","BKI","Black Knight, Inc.","73.50","11.525B"
"1616627780-278","https://finance.yahoo.com/screener/predefined/ms_technology?count=100&offset=100","CREE","Cree, Inc.","101.17","11.659B"
"1616627776-153","https://finance.yahoo.com/screener/predefined/ms_technology?count=100&offset=200","JCOM","J2 Global, Inc.","114.96","5.193B"
"1616627784-436","https://finance.yahoo.com/screener/predefined/ms_technology?count=100&offset=0","COUP","Coupa Software Incorporated","253.00","18.432B"
"1616627784-412","https://finance.yahoo.com/screener/predefined/ms_technology?count=100&offset=0","MXIM","Maxim Integrated Products, Inc.","89.39","23.96B"
"1616627776-166","https://finance.yahoo.com/screener/predefined/ms_technology?count=100&offset=200","NOVT","Novanta Inc.","128.88","4.551B"
"1616627765-23","https://finance.yahoo.com/screener/predefined/ms_technology?count=100&offset=400","IMMR","Immersion Corporation","9.54","287.04M"
"1616627776-155","https://finance.yahoo.com/screener/predefined/ms_technology?count=100&offset=200","DSGX","The Descartes Systems Group Inc","59.90","5.087B"
"1616627771-111","https://finance.yahoo.com/screener/predefined/ms_technology?count=100&offset=300","BHE","Benchmark Electronics, Inc.","29.01","1.054B"
"1616627784-382","https://finance.yahoo.com/screener/predefined/ms_technology?count=100&offset=0","NXPI","NXP Semiconductors N.V.","187.28","51.878B"
"1616627784-439","https://finance.yahoo.com/screener/predefined/ms_technology?count=100&offset=0","UMC","United Microelectronics Corporation","8.14","19.84B"
"1616627776-181","https://finance.yahoo.com/screener/predefined/ms_technology?count=100&offset=200","JAMF","Jamf Holding Corp.","35.09","4.122B"
"1616627780-330","https://finance.yahoo.com/screener/predefined/ms_technology?count=100&offset=100","SLAB","Silicon Laboratories Inc.","136.49","6.036B"
"1616627784-374","https://finance.yahoo.com/screener/predefined/ms_technology?count=100&offset=0","INFY","Infosys Limited","18.66","80.212B"
"1616627771-73","https://finance.yahoo.com/screener/predefined/ms_technology?count=100&offset=300","SPNS","Sapiens International Corporation N.V.","31.82","1.723B"
"1616627776-204","https://finance.yahoo.com/screener/predefined/ms_technology?count=100&offset=200","BLKB","Blackbaud, Inc.","68.89","3.333B"
"1616627780-281","https://finance.yahoo.com/screener/predefined/ms_technology?count=100&offset=100","AVLR","Avalara, Inc.","128.52","10.979B"
"1616627780-307","https://finance.yahoo.com/screener/predefined/ms_technology?count=100&offset=100","SMAR","Smartsheet Inc.","63.15","7.785B"
"1616627784-347","https://finance.yahoo.com/screener/predefined/ms_technology?count=100&offset=0","MSFT","Microsoft Corporation","235.46","1.776T"
"1616627776-163","https://finance.yahoo.com/screener/predefined/ms_technology?count=100&offset=200","DQ","Daqo New Energy Corp.","66.09","4.592B"
"1616627780-319","https://finance.yahoo.com/screener/predefined/ms_technology?count=100&offset=100","LPL","LG Display Co., Ltd.","9.53","7.066B"
"1616627780-256","https://finance.yahoo.com/screener/predefined/ms_technology?count=100&offset=100","PTC","PTC Inc.","126.84","14.854B"
"1616627780-302","https://finance.yahoo.com/screener/predefined/ms_technology?count=100&offset=100","LAZR","Luminar Technologies, Inc.","25.52","8.267B"
"1616627780-286","https://finance.yahoo.com/screener/predefined/ms_technology?count=100&offset=100","DLB","Dolby Laboratories, Inc.","96.09","9.764B"
"1616627780-305","https://finance.yahoo.com/screener/predefined/ms_technology?count=100&offset=100","JNPR","Juniper Networks, Inc.","24.50","8.04B"
"1616627780-334","https://finance.yahoo.com/screener/predefined/ms_technology?count=100&offset=100","CLGX","CoreLogic, Inc.","78.96","5.776B"
"1616627780-300","https://finance.yahoo.com/screener/predefined/ms_technology?count=100&offset=100","FLEX","Flex Ltd.","16.85","8.411B"
"1616627776-233","https://finance.yahoo.com/screener/predefined/ms_technology?count=100&offset=200","CSIQ","Canadian Solar Inc.","44.99","2.656B"
"1616627771-56","https://finance.yahoo.com/screener/predefined/ms_technology?count=100&offset=300","VLDR","Velodyne Lidar, Inc.","11.71","2.205B"
"1616627765-10","https://finance.yahoo.com/screener/predefined/ms_technology?count=100&offset=400","ETWO","E2open Parent Holdings, Inc.","9.95","2.216B"
"1616627776-146","https://finance.yahoo.com/screener/predefined/ms_technology?count=100&offset=200","BB","BlackBerry Limited","9.58","5.424B"
"1616627784-405","https://finance.yahoo.com/screener/predefined/ms_technology?count=100&offset=0","RNG","RingCentral, Inc.","308.17","27.887B"
"1616627765-32","https://finance.yahoo.com/screener/predefined/ms_technology?count=100&offset=400","ASYS","Amtech Systems, Inc.","11.23","158.805M"
"1616627784-417","https://finance.yahoo.com/screener/predefined/ms_technology?count=100&offset=0","CAJ","Canon Inc.","22.00","29.643B"
"1616627771-102","https://finance.yahoo.com/screener/predefined/ms_technology?count=100&offset=300","CEVA","CEVA, Inc.","53.37","1.217B"
"1616627784-433","https://finance.yahoo.com/screener/predefined/ms_technology?count=100&offset=0","HPE","Hewlett Packard Enterprise Company","14.76","19.205B"
"1616627776-238","https://finance.yahoo.com/screener/predefined/ms_technology?count=100&offset=200","SVMK","SVMK Inc.","17.69","2.552B"
"1616627784-379","https://finance.yahoo.com/screener/predefined/ms_technology?count=100&offset=0","ADSK","Autodesk, Inc.","263.18","57.792B"
"1616627784-359","https://finance.yahoo.com/screener/predefined/ms_technology?count=100&offset=0","QCOM","QUALCOMM Incorporated","127.18","144.476B"
"1616627776-235","https://finance.yahoo.com/screener/predefined/ms_technology?count=100&offset=200","SANM","Sanmina Corporation","40.00","2.597B"
"1616627784-389","https://finance.yahoo.com/screener/predefined/ms_technology?count=100&offset=0","MCHP","Microchip Technology Incorporated","146.76","39.517B"
"1616627780-271","https://finance.yahoo.com/screener/predefined/ms_technology?count=100&offset=100","FFIV","F5 Networks, Inc.","197.71","12.189B"
"1616627771-139","https://finance.yahoo.com/screener/predefined/ms_technology?count=100&offset=300","AMSWA","American Software, Inc.","20.53","671.493M"
"1616627784-352","https://finance.yahoo.com/screener/predefined/ms_technology?count=100&offset=0","ADBE","Adobe Inc.","451.51","216.42B"
"1616627784-419","https://finance.yahoo.com/screener/predefined/ms_technology?count=100&offset=0","VRSN","VeriSign, Inc.","195.03","22.057B"
"1616627765-29","https://finance.yahoo.com/screener/predefined/ms_technology?count=100&offset=400","SQNS","Sequans Communications S.A.","6.26","209.607M"
"1616627784-406","https://finance.yahoo.com/screener/predefined/ms_technology?count=100&offset=0","FTV-PA","Fortive Corporation","979.28","25.919B"
"1616627771-94","https://finance.yahoo.com/screener/predefined/ms_technology?count=100&offset=300","OPRA","Opera Limited","10.89","1.243B"
"1616627776-186","https://finance.yahoo.com/screener/predefined/ms_technology?count=100&offset=200","QLYS","Qualys, Inc.","100.68","3.947B"
"1616627776-195","https://finance.yahoo.com/screener/predefined/ms_technology?count=100&offset=200","NEWR","New Relic, Inc.","57.50","3.626B"
"1616627771-126","https://finance.yahoo.com/screener/predefined/ms_technology?count=100&offset=300","AOSL","Alpha and Omega Semiconductor Limited","30.51","786.273M"
"1616627780-298","https://finance.yahoo.com/screener/predefined/ms_technology?count=100&offset=100","FSLR","First Solar, Inc.","80.72","8.555B"
"1616627784-349","https://finance.yahoo.com/screener/predefined/ms_technology?count=100&offset=0","NVDA","NVIDIA Corporation","505.72","316.317B"
"1616627784-402","https://finance.yahoo.com/screener/predefined/ms_technology?count=100&offset=0","OKTA","Okta, Inc.","218.59","28.682B"
"1616627771-90","https://finance.yahoo.com/screener/predefined/ms_technology?count=100&offset=300","DCBO","Docebo Inc.","39.40","1.297B"
"1616627776-157","https://finance.yahoo.com/screener/predefined/ms_technology?count=100&offset=200","POWI","Power Integrations, Inc.","78.85","4.897B"
"1616627784-376","https://finance.yahoo.com/screener/predefined/ms_technology?count=100&offset=0","VMW","VMware, Inc.","144.54","60.606B"
"1616627771-91","https://finance.yahoo.com/screener/predefined/ms_technology?count=100&offset=300","ICHR","Ichor Holdings, Ltd.","46.15","1.295B"
"1616627780-299","https://finance.yahoo.com/screener/predefined/ms_technology?count=100&offset=100","GWRE","Guidewire Software, Inc.","100.97","8.455B"
"1616627780-261","https://finance.yahoo.com/screener/predefined/ms_technology?count=100&offset=100","NICE","NICE Ltd.","221.26","13.354B"
"1616627771-53","https://finance.yahoo.com/screener/predefined/ms_technology?count=100&offset=300","MAXR","Maxar Technologies Inc.","33.64","2.412B"
"1616627771-74","https://finance.yahoo.com/screener/predefined/ms_technology?count=100&offset=300","SYKE","Sykes Enterprises, Incorporated","43.27","1.714B"
"1616627784-362","https://finance.yahoo.com/screener/predefined/ms_technology?count=100&offset=0","SNE","Sony Corporation","102.35","127.809B"
"1616627776-162","https://finance.yahoo.com/screener/predefined/ms_technology?count=100&offset=200","SABR","Sabre Corporation","14.50","4.601B"
"1616627765-15","https://finance.yahoo.com/screener/predefined/ms_technology?count=100&offset=400","TUFN","Tufin Software Technologies Ltd.","10.35","377.243M"
"1616627784-397","https://finance.yahoo.com/screener/predefined/ms_technology?count=100&offset=0","GLW","Corning Incorporated","40.25","30.959B"
"1616627780-317","https://finance.yahoo.com/screener/predefined/ms_technology?count=100&offset=100","IIVI","II-VI Incorporated","67.26","7.046B"
"1616627780-246","https://finance.yahoo.com/screener/predefined/ms_technology?count=100&offset=100","XM","Qualtrics International Inc.","32.41","16.569B"
"1616627776-188","https://finance.yahoo.com/screener/predefined/ms_technology?count=100&offset=200","ENV","Envestnet, Inc.","71.95","3.894B"
"1616627771-95","https://finance.yahoo.com/screener/predefined/ms_technology?count=100&offset=300","VCRA","Vocera Communications, Inc.","38.39","1.261B"
"1616627780-263","https://finance.yahoo.com/screener/predefined/ms_technology?count=100&offset=100","SEDG","SolarEdge Technologies, Inc.","267.59","13.803B"
"1616627784-396","https://finance.yahoo.com/screener/predefined/ms_technology?count=100&offset=0","PANW","Palo Alto Networks, Inc.","321.00","31.215B"
"1616627780-266","https://finance.yahoo.com/screener/predefined/ms_technology?count=100&offset=100","LDOS","Leidos Holdings, Inc.","94.88","13.411B"
"1616627771-66","https://finance.yahoo.com/screener/predefined/ms_technology?count=100&offset=300","INFN","Infinera Corporation","9.46","1.921B"
"1616627771-55","https://finance.yahoo.com/screener/predefined/ms_technology?count=100&offset=300","NTCT","NetScout Systems, Inc.","27.66","2.116B"
"1616627780-296","https://finance.yahoo.com/screener/predefined/ms_technology?count=100&offset=100","KC","Kingsoft Cloud Holdings Limited","40.65","9.05B"
"1616627780-276","https://finance.yahoo.com/screener/predefined/ms_technology?count=100&offset=100","BSY","Bentley Systems, Incorporated","42.58","11.634B"
"1616627771-83","https://finance.yahoo.com/screener/predefined/ms_technology?count=100&offset=300","TTMI","TTM Technologies, Inc.","14.18","1.516B"
"1616627765-38","https://finance.yahoo.com/screener/predefined/ms_technology?count=100&offset=400","MINDP","MIND Technology, Inc.","24.64","46.446M"
"1616627780-279","https://finance.yahoo.com/screener/predefined/ms_technology?count=100&offset=100","DBX","Dropbox, Inc.","26.54","11.007B"
"1616627776-214","https://finance.yahoo.com/screener/predefined/ms_technology?count=100&offset=200","FORM","FormFactor, Inc.","42.42","3.298B"
"1616627784-432","https://finance.yahoo.com/screener/predefined/ms_technology?count=100&offset=0","STNE","StoneCo Ltd.","62.68","19.385B"
"1616627780-336","https://finance.yahoo.com/screener/predefined/ms_technology?count=100&offset=100","PSTG","Pure Storage, Inc.","20.89","5.699B"
"1616627780-318","https://finance.yahoo.com/screener/predefined/ms_technology?count=100&offset=100","BMBL","Bumble Inc.","62.68","7.23B"
"1616627780-255","https://finance.yahoo.com/screener/predefined/ms_technology?count=100&offset=100","PAGS","PagSeguro Digital Ltd.","45.54","15.083B"
"1616627771-85","https://finance.yahoo.com/screener/predefined/ms_technology?count=100&offset=300","FARO","FARO Technologies, Inc.","84.32","1.519B"
"1616627776-158","https://finance.yahoo.com/screener/predefined/ms_technology?count=100&offset=200","PRSP","Perspecta Inc.","28.97","4.666B"
"1616627771-118","https://finance.yahoo.com/screener/predefined/ms_technology?count=100&offset=300","IIIV","i3 Verticals, Inc.","30.97","994.633M"
"1616627784-415","https://finance.yahoo.com/screener/predefined/ms_technology?count=100&offset=0","FTV","Fortive Corporation","69.26","23.415B"
"1616627776-168","https://finance.yahoo.com/screener/predefined/ms_technology?count=100&offset=200","NCR","NCR Corporation","35.02","4.562B"
"1616627784-408","https://finance.yahoo.com/screener/predefined/ms_technology?count=100&offset=0","KEYS","Keysight Technologies, Inc.","135.26","25.158B"
"1616627776-212","https://finance.yahoo.com/screener/predefined/ms_technology?count=100&offset=200","STMP","Stamps.com Inc.","181.33","3.331B"
"1616627771-116","https://finance.yahoo.com/screener/predefined/ms_technology?count=100&offset=300","IMOS","ChipMOS TECHNOLOGIES INC.","30.06","1.072B"
"1616627765-4","https://finance.yahoo.com/screener/predefined/ms_technology?count=100&offset=400","ALLT","Allot Ltd.","15.00","534.348M"
"1616627765-25","https://finance.yahoo.com/screener/predefined/ms_technology?count=100&offset=400","BELFA","Bel Fuse Inc.","18.08","223.073M"
"1616627780-344","https://finance.yahoo.com/screener/predefined/ms_technology?count=100&offset=100","NTNX","Nutanix, Inc.","27.19","5.555B"
"1616627776-183","https://finance.yahoo.com/screener/predefined/ms_technology?count=100&offset=200","DIOD","Diodes Incorporated","77.78","3.444B"
"1616627771-115","https://finance.yahoo.com/screener/predefined/ms_technology?count=100&offset=300","VECO","Veeco Instruments Inc.","20.65","1.027B"
"1616627780-257","https://finance.yahoo.com/screener/predefined/ms_technology?count=100&offset=100","CLVT","Clarivate Plc","24.15","14.683B"
"1616627784-428","https://finance.yahoo.com/screener/predefined/ms_technology?count=100&offset=0","HUBS","HubSpot, Inc.","438.04","20.297B"
"1616627771-72","https://finance.yahoo.com/screener/predefined/ms_technology?count=100&offset=300","GPRO","GoPro, Inc.","11.48","1.739B"
"1616627784-386","https://finance.yahoo.com/screener/predefined/ms_technology?count=100&offset=0","PLTR","Palantir Technologies Inc.","21.88","39.871B"
"1616627771-122","https://finance.yahoo.com/screener/predefined/ms_technology?count=100&offset=300","AUDC","AudioCodes Ltd.","27.13","921.905M"
"1616627784-392","https://finance.yahoo.com/screener/predefined/ms_technology?count=100&offset=0","SNPS","Synopsys, Inc.","233.05","35.511B"
"1616627771-71","https://finance.yahoo.com/screener/predefined/ms_technology?count=100&offset=300","OSIS","OSI Systems, Inc.","96.33","1.744B"
"1616627771-52","https://finance.yahoo.com/screener/predefined/ms_technology?count=100&offset=300","GB","Global Blue Group Holding AG","12.25","2.297B"
"1616627765-2","https://finance.yahoo.com/screener/predefined/ms_technology?count=100&offset=400","DGII","Digi International Inc.","18.29","607.398M"
"1616627765-30","https://finance.yahoo.com/screener/predefined/ms_technology?count=100&offset=400","OIIM","O2Micro International Limited","7.26","207.449M"
"1616627780-333","https://finance.yahoo.com/screener/predefined/ms_technology?count=100&offset=100","OCFT","OneConnect Financial Technology Co., Ltd.","14.98","6.044B"
"1616627780-321","https://finance.yahoo.com/screener/predefined/ms_technology?count=100&offset=100","CNXC","Concentrix Corporation","128.65","6.693B"
"1616627765-18","https://finance.yahoo.com/screener/predefined/ms_technology?count=100&offset=400","SILC","Silicom Ltd.","43.96","303.303M"
"1616627765-11","https://finance.yahoo.com/screener/predefined/ms_technology?count=100&offset=400","VPG","Vishay Precision Group, Inc.","29.81","405.717M"
"1616627776-164","https://finance.yahoo.com/screener/predefined/ms_technology?count=100&offset=200","SYNA","Synaptics Incorporated","130.56","4.563B"
"1616627784-434","https://finance.yahoo.com/screener/predefined/ms_technology?count=100&offset=0","APH","Amphenol Corporation","63.65","38.136B"
"1616627771-108","https://finance.yahoo.com/screener/predefined/ms_technology?count=100&offset=300","AGYS","Agilysys, Inc.","47.14","1.114B"
"1616627784-371","https://finance.yahoo.com/screener/predefined/ms_technology?count=100&offset=0","FIS","Fidelity National Information Services, Inc.","143.40","89.07B"
"1616627780-308","https://finance.yahoo.com/screener/predefined/ms_technology?count=100&offset=100","PLAN","Anaplan, Inc.","52.45","7.523B"
"1616627771-81","https://finance.yahoo.com/screener/predefined/ms_technology?count=100&offset=300","UIS","Unisys Corporation","24.51","1.642B"
"1616627776-180","https://finance.yahoo.com/screener/predefined/ms_technology?count=100&offset=200","TDC","Teradata Corporation","38.15","4.178B"
"1616627776-167","https://finance.yahoo.com/screener/predefined/ms_technology?count=100&offset=200","ALGM","Allegro MicroSystems, Inc.","23.91","4.529B"
"1616627765-13","https://finance.yahoo.com/screener/predefined/ms_technology?count=100&offset=400","VHC","VirnetX Holding Corp","5.36","380.874M"
"1616627784-391","https://finance.yahoo.com/screener/predefined/ms_technology?count=100&offset=0","HPQ","HP Inc.","29.37","36.613B"
"1616627776-220","https://finance.yahoo.com/screener/predefined/ms_technology?count=100&offset=200","DDD","3D Systems Corporation","24.65","3.06B"
"1616627780-274","https://finance.yahoo.com/screener/predefined/ms_technology?count=100&offset=100","BILL","Bill.com Holdings, Inc.","144.46","11.886B"
"1616627784-423","https://finance.yahoo.com/screener/predefined/ms_technology?count=100&offset=0","PAYC","Paycom Software, Inc.","364.37","21.931B"
"1616627771-124","https://finance.yahoo.com/screener/predefined/ms_technology?count=100&offset=300","BCOV","Brightcove Inc.","20.49","821.532M"
"1616627784-437","https://finance.yahoo.com/screener/predefined/ms_technology?count=100&offset=0","AFRM","Affirm Holdings, Inc.","72.63","18.695B"
"1616627771-47","https://finance.yahoo.com/screener/predefined/ms_technology?count=100&offset=300","EGOV","NIC Inc.","33.81","2.296B"
"1616627765-33","https://finance.yahoo.com/screener/predefined/ms_technology?count=100&offset=400","SPI","SPI Energy Co., Ltd.","6.86","162.624M"
"1616627771-109","https://finance.yahoo.com/screener/predefined/ms_technology?count=100&offset=300","SCWX","SecureWorks Corp.","13.21","1.097B"
"1616627771-117","https://finance.yahoo.com/screener/predefined/ms_technology?count=100&offset=300","SGH","SMART Global Holdings, Inc.","42.80","1.013B"
"1616627776-245","https://finance.yahoo.com/screener/predefined/ms_technology?count=100&offset=200","AVYA","Avaya Holdings Corp.","27.34","2.294B"
"1616627771-65","https://finance.yahoo.com/screener/predefined/ms_technology?count=100&offset=300","CGNT","Cognyte Software Ltd.","27.88","1.834B"
"1616627776-215","https://finance.yahoo.com/screener/predefined/ms_technology?count=100&offset=200","NSIT","Insight Enterprises, Inc.","92.81","3.258B"
"1616627776-169","https://finance.yahoo.com/screener/predefined/ms_technology?count=100&offset=200","CRUS","Cirrus Logic, Inc.","77.24","4.483B"
"1616627784-418","https://finance.yahoo.com/screener/predefined/ms_technology?count=100&offset=0","CDW","CDW Corporation","156.41","22.052B"
"1616627776-187","https://finance.yahoo.com/screener/predefined/ms_technology?count=100&offset=200","TENB","Tenable Holdings, Inc.","37.59","3.911B"
"1616627771-144","https://finance.yahoo.com/screener/predefined/ms_technology?count=100&offset=300","GILT","Gilat Satellite Networks Ltd.","10.44","589.155M"
"1616627771-89","https://finance.yahoo.com/screener/predefined/ms_technology?count=100&offset=300","CNDT","Conduent Incorporated","6.18","1.311B"
"1616627784-357","https://finance.yahoo.com/screener/predefined/ms_technology?count=100&offset=0","ACN","Accenture plc","267.55","170.067B"
"1616627765-34","https://finance.yahoo.com/screener/predefined/ms_technology?count=100&offset=400","CTG","Computer Task Group, Incorporated","9.17","139.318M"
"1616627780-249","https://finance.yahoo.com/screener/predefined/ms_technology?count=100&offset=100","CHKP","Check Point Software Technologies Ltd.","114.28","16.022B"
"1616627765-42","https://finance.yahoo.com/screener/predefined/ms_technology?count=100&offset=400","DOCN","DigitalOcean Holdings, Inc.","42.50","N/A"
"1616627776-189","https://finance.yahoo.com/screener/predefined/ms_technology?count=100&offset=200","AVT","Avnet, Inc.","38.68","3.847B"
"1616627776-201","https://finance.yahoo.com/screener/predefined/ms_technology?count=100&offset=200","SPSC","SPS Commerce, Inc.","96.06","3.418B"
"1616627780-316","https://finance.yahoo.com/screener/predefined/ms_technology?count=100&offset=100","LSPD","Lightspeed POS Inc.","60.08","7.76B"
"1616627780-322","https://finance.yahoo.com/screener/predefined/ms_technology?count=100&offset=100","FOUR","Shift4 Payments, Inc.","80.58","6.491B"
"1616627776-173","https://finance.yahoo.com/screener/predefined/ms_technology?count=100&offset=200","OLO","Olo Inc.","29.95","4.31B"
"1616627784-354","https://finance.yahoo.com/screener/predefined/ms_technology?count=100&offset=0","ORCL","Oracle Corporation","66.83","189.985B"
"1616627771-67","https://finance.yahoo.com/screener/predefined/ms_technology?count=100&offset=300","PRO","PROS Holdings, Inc.","41.76","1.888B"
"1616627771-79","https://finance.yahoo.com/screener/predefined/ms_technology?count=100&offset=300","PLT","Plantronics, Inc.","38.44","1.677B"
"1616627776-156","https://finance.yahoo.com/screener/predefined/ms_technology?count=100&offset=200","CCMP","CMC Materials, Inc.","165.38","4.824B"
"1616627784-445","https://finance.yahoo.com/screener/predefined/ms_technology?count=100&offset=0","TYL","Tyler Technologies, Inc.","411.33","16.69B"
"1616627784-414","https://finance.yahoo.com/screener/predefined/ms_technology?count=100&offset=0","WORK","Slack Technologies, Inc.","40.45","23.528B"
"1616627780-259","https://finance.yahoo.com/screener/predefined/ms_technology?count=100&offset=100","FICO","Fair Isaac Corporation","475.39","13.899B"
"1616627776-149","https://finance.yahoo.com/screener/predefined/ms_technology?count=100&offset=200","AMKR","Amkor Technology, Inc.","21.53","5.253B"
"1616627780-254","https://finance.yahoo.com/screener/predefined/ms_technology?count=100&offset=100","MPWR","Monolithic Power Systems, Inc.","330.99","15.1B"
"1616627771-120","https://finance.yahoo.com/screener/predefined/ms_technology?count=100&offset=300","MAXN","Maxeon Solar Technologies, Ltd.","28.79","964.387M"
"1616627784-410","https://finance.yahoo.com/screener/predefined/ms_technology?count=100&offset=0","DDOG","Datadog, Inc.","81.26","24.906B"
"1616627784-383","https://finance.yahoo.com/screener/predefined/ms_technology?count=100&offset=0","KLAC","KLA Corporation","297.89","45.897B"
"1616627776-232","https://finance.yahoo.com/screener/predefined/ms_technology?count=100&offset=200","ESE","ESCO Technologies Inc.","105.20","2.739B"
"1616627776-151","https://finance.yahoo.com/screener/predefined/ms_technology?count=100&offset=200","API","Agora, Inc.","52.44","5.203B"
"1616627776-182","https://finance.yahoo.com/screener/predefined/ms_technology?count=100&offset=200","MSP","Datto Holding Corp.","25.23","4.064B"
"1616627776-203","https://finance.yahoo.com/screener/predefined/ms_technology?count=100&offset=200","LPSN","LivePerson, Inc.","50.40","3.416B"
"1616627776-199","https://finance.yahoo.com/screener/predefined/ms_technology?count=100&offset=200","CRNC","Cerence Inc.","91.24","3.441B"
"1616627765-36","https://finance.yahoo.com/screener/predefined/ms_technology?count=100&offset=400","RELL","Richardson Electronics, Ltd.","6.48","85.586M"
"1616627771-82","https://finance.yahoo.com/screener/predefined/ms_technology?count=100&offset=300","PAR","PAR Technology Corporation","70.31","1.544B"
"1616627771-57","https://finance.yahoo.com/screener/predefined/ms_technology?count=100&offset=300","EB","Eventbrite, Inc.","21.46","1.995B"
"1616627771-106","https://finance.yahoo.com/screener/predefined/ms_technology?count=100&offset=300","GSKY","GreenSky, Inc.","6.23","1.14B"
"1616627784-416","https://finance.yahoo.com/screener/predefined/ms_technology?count=100&offset=0","FLT","FLEETCOR Technologies, Inc.","273.86","22.844B"
"1616627784-407","https://finance.yahoo.com/screener/predefined/ms_technology?count=100&offset=0","U","Unity Software Inc.","92.71","25.764B"
"1616627784-444","https://finance.yahoo.com/screener/predefined/ms_technology?count=100&offset=0","CTXS","Citrix Systems, Inc.","135.03","16.604B"
"1616627771-63","https://finance.yahoo.com/screener/predefined/ms_technology?count=100&offset=300","PRGS","Progress Software Corporation","41.82","1.908B"
"1616627780-268","https://finance.yahoo.com/screener/predefined/ms_technology?count=100&offset=100","TUYA","Tuya Inc.","19.28","10.792B"
"1616627776-213","https://finance.yahoo.com/screener/predefined/ms_technology?count=100&offset=200","VSAT","Viasat, Inc.","48.09","3.296B"
"1616627784-384","https://finance.yahoo.com/screener/predefined/ms_technology?count=100&offset=0","ERIC","Telefonaktiebolaget LM Ericsson (publ)","13.18","44.638B"
"1616627784-424","https://finance.yahoo.com/screener/predefined/ms_technology?count=100&offset=0","NET","Cloudflare, Inc.","67.83","20.948B"
"1616627771-130","https://finance.yahoo.com/screener/predefined/ms_technology?count=100&offset=300","CASA","Casa Systems, Inc.","9.03","758.608M"
"1616627780-280","https://finance.yahoo.com/screener/predefined/ms_technology?count=100&offset=100","RUN","Sunrun Inc.","55.25","11.193B"
"1616627765-14","https://finance.yahoo.com/screener/predefined/ms_technology?count=100&offset=400","CAMP","CalAmp Corp.","10.55","369.616M"
"1616627780-293","https://finance.yahoo.com/screener/predefined/ms_technology?count=100&offset=100","PEGA","Pegasystems Inc.","113.49","9.181B"
"1616627784-356","https://finance.yahoo.com/screener/predefined/ms_technology?count=100&offset=0","AVGO","Broadcom Inc.","457.27","186.704B"
"1616627771-76","https://finance.yahoo.com/screener/predefined/ms_technology?count=100&offset=300","COHU","Cohu, Inc.","39.69","1.902B"
"1616627784-355","https://finance.yahoo.com/screener/predefined/ms_technology?count=100&offset=0","CRM","salesforce.com, inc.","209.53","192.977B"
"1616627776-200","https://finance.yahoo.com/screener/predefined/ms_technology?count=100&offset=200","MANT","ManTech International Corporation","85.14","3.448B"
"1616627780-338","https://finance.yahoo.com/screener/predefined/ms_technology?count=100&offset=100","SNX","SYNNEX Corporation","109.43","5.603B"
"1616627776-174","https://finance.yahoo.com/screener/predefined/ms_technology?count=100&offset=200","TTEC","TTEC Holdings, Inc.","93.31","4.361B"
"1616627771-60","https://finance.yahoo.com/screener/predefined/ms_technology?count=100&offset=300","PRFT","Perficient, Inc.","57.87","1.983B"
"1616627780-251","https://finance.yahoo.com/screener/predefined/ms_technology?count=100&offset=100","WIX","Wix.com Ltd.","277.76","15.455B"
"1616627776-236","https://finance.yahoo.com/screener/predefined/ms_technology?count=100&offset=200","MIME","Mimecast Limited","40.12","2.583B"
"1616627780-283","https://finance.yahoo.com/screener/predefined/ms_technology?count=100&offset=100","OLED","Universal Display Corporation","222.01","10.459B"
"1616627776-218","https://finance.yahoo.com/screener/predefined/ms_technology?count=100&offset=200","VRNT","Verint Systems Inc.","45.25","3.145B"
"1616627776-185","https://finance.yahoo.com/screener/predefined/ms_technology?count=100&offset=200","ALRM","Alarm.com Holdings, Inc.","82.03","4.068B"
"1616627784-422","https://finance.yahoo.com/screener/predefined/ms_technology?count=100&offset=0","ZI","ZoomInfo Technologies Inc.","54.40","21.281B"
"1616627771-110","https://finance.yahoo.com/screener/predefined/ms_technology?count=100&offset=300","EBON","Ebang International Holdings Inc.","7.76","1.333B"
