web-scraper-order,web-scraper-start-url,Date,Open,Close
1620644602-3698,https://finance.yahoo.com/quote/NSANY/history?period1=322790400&period2=1620604800&interval=1mo&filter=history&frequency=1mo&includeAdjustedClose=true,"Sep 01, 1993",13.75,13.38
1620644602-3598,https://finance.yahoo.com/quote/NSANY/history?period1=322790400&period2=1620604800&interval=1mo&filter=history&frequency=1mo&includeAdjustedClose=true,"Jan 01, 2001",11,12.19
1620644602-3352,https://finance.yahoo.com/quote/NSANY/history?period1=322790400&period2=1620604800&interval=1mo&filter=history&frequency=1mo&includeAdjustedClose=true,"Apr 01, 2020",6.37,6.84
1620644602-3730,https://finance.yahoo.com/quote/NSANY/history?period1=322790400&period2=1620604800&interval=1mo&filter=history&frequency=1mo&includeAdjustedClose=true,"Apr 01, 1991",10.63,11.13
1620644602-3692,https://finance.yahoo.com/quote/NSANY/history?period1=322790400&period2=1620604800&interval=1mo&filter=history&frequency=1mo&includeAdjustedClose=true,"Mar 01, 1994",16.63,16
1620644602-3809,https://finance.yahoo.com/quote/NSANY/history?period1=322790400&period2=1620604800&interval=1mo&filter=history&frequency=1mo&includeAdjustedClose=true,"Jun 01, 1985",0,5
1620644602-3449,https://finance.yahoo.com/quote/NSANY/history?period1=322790400&period2=1620604800&interval=1mo&filter=history&frequency=1mo&includeAdjustedClose=true,"Apr 01, 2012",21.7,20.7
1620644602-3392,https://finance.yahoo.com/quote/NSANY/history?period1=322790400&period2=1620604800&interval=1mo&filter=history&frequency=1mo&includeAdjustedClose=true,"Dec 01, 2016",18.96,20
1620644602-3795,https://finance.yahoo.com/quote/NSANY/history?period1=322790400&period2=1620604800&interval=1mo&filter=history&frequency=1mo&includeAdjustedClose=true,"Aug 01, 1986",7,8.38
1620644602-3417,https://finance.yahoo.com/quote/NSANY/history?period1=322790400&period2=1620604800&interval=1mo&filter=history&frequency=1mo&includeAdjustedClose=true,"Nov 01, 2014",18.11,18.61
1620644602-3711,https://finance.yahoo.com/quote/NSANY/history?period1=322790400&period2=1620604800&interval=1mo&filter=history&frequency=1mo&includeAdjustedClose=true,"Sep 01, 1992",9.25,10
1620644602-3548,https://finance.yahoo.com/quote/NSANY/history?period1=322790400&period2=1620604800&interval=1mo&filter=history&frequency=1mo&includeAdjustedClose=true,"Sep 01, 2004",21.46,21.66
1620644602-3650,https://finance.yahoo.com/quote/NSANY/history?period1=322790400&period2=1620604800&interval=1mo&filter=history&frequency=1mo&includeAdjustedClose=true,"Apr 01, 1997",11.75,11.75
1620644602-3383,https://finance.yahoo.com/quote/NSANY/history?period1=322790400&period2=1620604800&interval=1mo&filter=history&frequency=1mo&includeAdjustedClose=true,"Sep 01, 2017",20,19.49
1620644602-3677,https://finance.yahoo.com/quote/NSANY/history?period1=322790400&period2=1620604800&interval=1mo&filter=history&frequency=1mo&includeAdjustedClose=true,"Apr 01, 1995",15,14.88
1620644602-3729,https://finance.yahoo.com/quote/NSANY/history?period1=322790400&period2=1620604800&interval=1mo&filter=history&frequency=1mo&includeAdjustedClose=true,"May 01, 1991",0,10.75
1620644602-3801,https://finance.yahoo.com/quote/NSANY/history?period1=322790400&period2=1620604800&interval=1mo&filter=history&frequency=1mo&includeAdjustedClose=true,"Feb 01, 1986",0,5.88
1620644602-3545,https://finance.yahoo.com/quote/NSANY/history?period1=322790400&period2=1620604800&interval=1mo&filter=history&frequency=1mo&includeAdjustedClose=true,"Nov 01, 2004",22,21
1620644602-3646,https://finance.yahoo.com/quote/NSANY/history?period1=322790400&period2=1620604800&interval=1mo&filter=history&frequency=1mo&includeAdjustedClose=true,"Aug 01, 1997",13.63,12.75
1620644602-3522,https://finance.yahoo.com/quote/NSANY/history?period1=322790400&period2=1620604800&interval=1mo&filter=history&frequency=1mo&includeAdjustedClose=true,"Jul 01, 2006",22,21.55
1620644602-3458,https://finance.yahoo.com/quote/NSANY/history?period1=322790400&period2=1620604800&interval=1mo&filter=history&frequency=1mo&includeAdjustedClose=true,"Jul 01, 2011",21,21.24
1620644602-3631,https://finance.yahoo.com/quote/NSANY/history?period1=322790400&period2=1620604800&interval=1mo&filter=history&frequency=1mo&includeAdjustedClose=true,"Sep 01, 1998",5.38,5.38
1620644602-3478,https://finance.yahoo.com/quote/NSANY/history?period1=322790400&period2=1620604800&interval=1mo&filter=history&frequency=1mo&includeAdjustedClose=true,"Nov 01, 2009",14.35,14.43
1620644602-3416,https://finance.yahoo.com/quote/NSANY/history?period1=322790400&period2=1620604800&interval=1mo&filter=history&frequency=1mo&includeAdjustedClose=true,"Dec 01, 2014",18.6,17.47
1620644602-3810,https://finance.yahoo.com/quote/NSANY/history?period1=322790400&period2=1620604800&interval=1mo&filter=history&frequency=1mo&includeAdjustedClose=true,"May 01, 1985",0,4.75
1620644602-3513,https://finance.yahoo.com/quote/NSANY/history?period1=322790400&period2=1620604800&interval=1mo&filter=history&frequency=1mo&includeAdjustedClose=true,"Mar 01, 2007",22.85,21.4
1620644602-3751,https://finance.yahoo.com/quote/NSANY/history?period1=322790400&period2=1620604800&interval=1mo&filter=history&frequency=1mo&includeAdjustedClose=true,"Oct 01, 1989",21.75,21.5
1620644602-3592,https://finance.yahoo.com/quote/NSANY/history?period1=322790400&period2=1620604800&interval=1mo&filter=history&frequency=1mo&includeAdjustedClose=true,"Jun 01, 2001",13.25,13.85
1620644602-3345,https://finance.yahoo.com/quote/NSANY/history?period1=322790400&period2=1620604800&interval=1mo&filter=history&frequency=1mo&includeAdjustedClose=true,"Nov 01, 2020",7.12,9.42
1620644602-3527,https://finance.yahoo.com/quote/NSANY/history?period1=322790400&period2=1620604800&interval=1mo&filter=history&frequency=1mo&includeAdjustedClose=true,"Mar 01, 2006",23,23.78
1620644602-3770,https://finance.yahoo.com/quote/NSANY/history?period1=322790400&period2=1620604800&interval=1mo&filter=history&frequency=1mo&includeAdjustedClose=true,"Jun 01, 1988",0,15.63
1620644602-3524,https://finance.yahoo.com/quote/NSANY/history?period1=322790400&period2=1620604800&interval=1mo&filter=history&frequency=1mo&includeAdjustedClose=true,"May 01, 2006",26.5,24.25
1620644602-3686,https://finance.yahoo.com/quote/NSANY/history?period1=322790400&period2=1620604800&interval=1mo&filter=history&frequency=1mo&includeAdjustedClose=true,"Sep 01, 1994",15.38,16
1620644602-3790,https://finance.yahoo.com/quote/NSANY/history?period1=322790400&period2=1620604800&interval=1mo&filter=history&frequency=1mo&includeAdjustedClose=true,"Jan 01, 1987",0,7.38
1620644602-3351,https://finance.yahoo.com/quote/NSANY/history?period1=322790400&period2=1620604800&interval=1mo&filter=history&frequency=1mo&includeAdjustedClose=true,"May 01, 2020",6.5,7.59
1620644602-3617,https://finance.yahoo.com/quote/NSANY/history?period1=322790400&period2=1620604800&interval=1mo&filter=history&frequency=1mo&includeAdjustedClose=true,"Sep 01, 1999",11.69,11.81
1620644602-3589,https://finance.yahoo.com/quote/NSANY/history?period1=322790400&period2=1620604800&interval=1mo&filter=history&frequency=1mo&includeAdjustedClose=true,"Sep 01, 2001",11.45,8.58
1620644602-3760,https://finance.yahoo.com/quote/NSANY/history?period1=322790400&period2=1620604800&interval=1mo&filter=history&frequency=1mo&includeAdjustedClose=true,"Mar 01, 1989",0,22.88
1620644602-3465,https://finance.yahoo.com/quote/NSANY/history?period1=322790400&period2=1620604800&interval=1mo&filter=history&frequency=1mo&includeAdjustedClose=true,"Dec 01, 2010",19.03,18.96
1620644602-3613,https://finance.yahoo.com/quote/NSANY/history?period1=322790400&period2=1620604800&interval=1mo&filter=history&frequency=1mo&includeAdjustedClose=true,"Dec 01, 1999",9.72,8.06
1620644602-3603,https://finance.yahoo.com/quote/NSANY/history?period1=322790400&period2=1620604800&interval=1mo&filter=history&frequency=1mo&includeAdjustedClose=true,"Sep 01, 2000",9.78,11.19
1620644602-3501,https://finance.yahoo.com/quote/NSANY/history?period1=322790400&period2=1620604800&interval=1mo&filter=history&frequency=1mo&includeAdjustedClose=true,"Jan 01, 2008",21.72,19.16
1620644602-3740,https://finance.yahoo.com/quote/NSANY/history?period1=322790400&period2=1620604800&interval=1mo&filter=history&frequency=1mo&includeAdjustedClose=true,"Aug 01, 1990",0,12.25
1620644602-3343,https://finance.yahoo.com/quote/NSANY/history?period1=322790400&period2=1620604800&interval=1mo&filter=history&frequency=1mo&includeAdjustedClose=true,"Jan 01, 2021",10.52,10.35
1620644602-3741,https://finance.yahoo.com/quote/NSANY/history?period1=322790400&period2=1620604800&interval=1mo&filter=history&frequency=1mo&includeAdjustedClose=true,"Jul 01, 1990",0,14.13
1620644602-3418,https://finance.yahoo.com/quote/NSANY/history?period1=322790400&period2=1620604800&interval=1mo&filter=history&frequency=1mo&includeAdjustedClose=true,"Oct 01, 2014",19.16,18.45
1620644602-3778,https://finance.yahoo.com/quote/NSANY/history?period1=322790400&period2=1620604800&interval=1mo&filter=history&frequency=1mo&includeAdjustedClose=true,"Nov 01, 1987",0,9.88
1620644602-3814,https://finance.yahoo.com/quote/NSANY/history?period1=322790400&period2=1620604800&interval=1mo&filter=history&frequency=1mo&includeAdjustedClose=true,"Jan 01, 1985",0,4.75
1620644602-3796,https://finance.yahoo.com/quote/NSANY/history?period1=322790400&period2=1620604800&interval=1mo&filter=history&frequency=1mo&includeAdjustedClose=true,"Jul 01, 1986",0,7
1620644602-3362,https://finance.yahoo.com/quote/NSANY/history?period1=322790400&period2=1620604800&interval=1mo&filter=history&frequency=1mo&includeAdjustedClose=true,"Jun 01, 2019",13.64,14.29
1620644602-3681,https://finance.yahoo.com/quote/NSANY/history?period1=322790400&period2=1620604800&interval=1mo&filter=history&frequency=1mo&includeAdjustedClose=true,"Jan 01, 1995",16.5,14.38
1620644602-3424,https://finance.yahoo.com/quote/NSANY/history?period1=322790400&period2=1620604800&interval=1mo&filter=history&frequency=1mo&includeAdjustedClose=true,"Apr 01, 2014",17.72,17.28
1620644602-3674,https://finance.yahoo.com/quote/NSANY/history?period1=322790400&period2=1620604800&interval=1mo&filter=history&frequency=1mo&includeAdjustedClose=true,"Jul 01, 1995",13.13,14
1620644602-3798,https://finance.yahoo.com/quote/NSANY/history?period1=322790400&period2=1620604800&interval=1mo&filter=history&frequency=1mo&includeAdjustedClose=true,"May 01, 1986",0,6.25
1620644602-3363,https://finance.yahoo.com/quote/NSANY/history?period1=322790400&period2=1620604800&interval=1mo&filter=history&frequency=1mo&includeAdjustedClose=true,"May 01, 2019",15.98,13.41
1620644602-3435,https://finance.yahoo.com/quote/NSANY/history?period1=322790400&period2=1620604800&interval=1mo&filter=history&frequency=1mo&includeAdjustedClose=true,"Jun 01, 2013",21.78,20.33
1620644602-3534,https://finance.yahoo.com/quote/NSANY/history?period1=322790400&period2=1620604800&interval=1mo&filter=history&frequency=1mo&includeAdjustedClose=true,"Sep 01, 2005",21.08,22.98
1620644602-3511,https://finance.yahoo.com/quote/NSANY/history?period1=322790400&period2=1620604800&interval=1mo&filter=history&frequency=1mo&includeAdjustedClose=true,"Apr 01, 2007",21.32,20.16
1620644602-3344,https://finance.yahoo.com/quote/NSANY/history?period1=322790400&period2=1620604800&interval=1mo&filter=history&frequency=1mo&includeAdjustedClose=true,"Dec 01, 2020",9.69,10.79
1620644602-3565,https://finance.yahoo.com/quote/NSANY/history?period1=322790400&period2=1620604800&interval=1mo&filter=history&frequency=1mo&includeAdjustedClose=true,"Jun 01, 2003",16.01,18.85
1620644602-3408,https://finance.yahoo.com/quote/NSANY/history?period1=322790400&period2=1620604800&interval=1mo&filter=history&frequency=1mo&includeAdjustedClose=true,"Aug 01, 2015",19.16,18.01
1620644602-3624,https://finance.yahoo.com/quote/NSANY/history?period1=322790400&period2=1620604800&interval=1mo&filter=history&frequency=1mo&includeAdjustedClose=true,"Mar 01, 1999",7.66,7.5
1620644602-3346,https://finance.yahoo.com/quote/NSANY/history?period1=322790400&period2=1620604800&interval=1mo&filter=history&frequency=1mo&includeAdjustedClose=true,"Oct 01, 2020",7.01,7.03
1620644602-3668,https://finance.yahoo.com/quote/NSANY/history?period1=322790400&period2=1620604800&interval=1mo&filter=history&frequency=1mo&includeAdjustedClose=true,"Dec 01, 1995",14.5,15.25
1620644602-3640,https://finance.yahoo.com/quote/NSANY/history?period1=322790400&period2=1620604800&interval=1mo&filter=history&frequency=1mo&includeAdjustedClose=true,"Jan 01, 1998",8,9
1620644602-3720,https://finance.yahoo.com/quote/NSANY/history?period1=322790400&period2=1620604800&interval=1mo&filter=history&frequency=1mo&includeAdjustedClose=true,"Jan 01, 1992",0,10.25
1620644602-3785,https://finance.yahoo.com/quote/NSANY/history?period1=322790400&period2=1620604800&interval=1mo&filter=history&frequency=1mo&includeAdjustedClose=true,"May 01, 1987",0,9.88
1620644602-3546,https://finance.yahoo.com/quote/NSANY/history?period1=322790400&period2=1620604800&interval=1mo&filter=history&frequency=1mo&includeAdjustedClose=true,"Oct 01, 2004",21.67,22.51
1620644602-3748,https://finance.yahoo.com/quote/NSANY/history?period1=322790400&period2=1620604800&interval=1mo&filter=history&frequency=1mo&includeAdjustedClose=true,"Jan 01, 1990",0,18.75
1620644602-3620,https://finance.yahoo.com/quote/NSANY/history?period1=322790400&period2=1620604800&interval=1mo&filter=history&frequency=1mo&includeAdjustedClose=true,"Jun 01, 1999",8.75,9.63
1620644602-3389,https://finance.yahoo.com/quote/NSANY/history?period1=322790400&period2=1620604800&interval=1mo&filter=history&frequency=1mo&includeAdjustedClose=true,"Mar 01, 2017",19.7,19.26
1620644602-3569,https://finance.yahoo.com/quote/NSANY/history?period1=322790400&period2=1620604800&interval=1mo&filter=history&frequency=1mo&includeAdjustedClose=true,"Mar 01, 2003",15.3,13.31
1620644602-3341,https://finance.yahoo.com/quote/NSANY/history?period1=322790400&period2=1620604800&interval=1mo&filter=history&frequency=1mo&includeAdjustedClose=true,"Mar 01, 2021",11.14,11.28
1620644602-3601,https://finance.yahoo.com/quote/NSANY/history?period1=322790400&period2=1620604800&interval=1mo&filter=history&frequency=1mo&includeAdjustedClose=true,"Oct 01, 2000",11,14
1620644602-3484,https://finance.yahoo.com/quote/NSANY/history?period1=322790400&period2=1620604800&interval=1mo&filter=history&frequency=1mo&includeAdjustedClose=true,"May 01, 2009",10.55,12.01
1620644602-3556,https://finance.yahoo.com/quote/NSANY/history?period1=322790400&period2=1620604800&interval=1mo&filter=history&frequency=1mo&includeAdjustedClose=true,"Feb 01, 2004",21.6,22.09
1620644602-3356,https://finance.yahoo.com/quote/NSANY/history?period1=322790400&period2=1620604800&interval=1mo&filter=history&frequency=1mo&includeAdjustedClose=true,"Dec 01, 2019",12.63,11.57
1620644602-3570,https://finance.yahoo.com/quote/NSANY/history?period1=322790400&period2=1620604800&interval=1mo&filter=history&frequency=1mo&includeAdjustedClose=true,"Feb 01, 2003",15.53,15.13
1620644602-3338,https://finance.yahoo.com/quote/NSANY/history?period1=322790400&period2=1620604800&interval=1mo&filter=history&frequency=1mo&includeAdjustedClose=true,"May 07, 2021",10.1,10.27
1620644602-3377,https://finance.yahoo.com/quote/NSANY/history?period1=322790400&period2=1620604800&interval=1mo&filter=history&frequency=1mo&includeAdjustedClose=true,"Mar 01, 2018",20.88,20.68
1620644602-3455,https://finance.yahoo.com/quote/NSANY/history?period1=322790400&period2=1620604800&interval=1mo&filter=history&frequency=1mo&includeAdjustedClose=true,"Oct 01, 2011",17.77,18.62
1620644602-3429,https://finance.yahoo.com/quote/NSANY/history?period1=322790400&period2=1620604800&interval=1mo&filter=history&frequency=1mo&includeAdjustedClose=true,"Dec 01, 2013",18.23,16.8
1620644602-3406,https://finance.yahoo.com/quote/NSANY/history?period1=322790400&period2=1620604800&interval=1mo&filter=history&frequency=1mo&includeAdjustedClose=true,"Oct 01, 2015",19.19,20.73
1620644602-3438,https://finance.yahoo.com/quote/NSANY/history?period1=322790400&period2=1620604800&interval=1mo&filter=history&frequency=1mo&includeAdjustedClose=true,"Mar 01, 2013",20.24,19.2
1620644602-3414,https://finance.yahoo.com/quote/NSANY/history?period1=322790400&period2=1620604800&interval=1mo&filter=history&frequency=1mo&includeAdjustedClose=true,"Feb 01, 2015",17.39,21.03
1620644602-3485,https://finance.yahoo.com/quote/NSANY/history?period1=322790400&period2=1620604800&interval=1mo&filter=history&frequency=1mo&includeAdjustedClose=true,"Apr 01, 2009",7.78,10.4
1620644602-3641,https://finance.yahoo.com/quote/NSANY/history?period1=322790400&period2=1620604800&interval=1mo&filter=history&frequency=1mo&includeAdjustedClose=true,"Dec 01, 1997",9,8.25
1620644602-3768,https://finance.yahoo.com/quote/NSANY/history?period1=322790400&period2=1620604800&interval=1mo&filter=history&frequency=1mo&includeAdjustedClose=true,"Aug 01, 1988",0,16
1620644602-3339,https://finance.yahoo.com/quote/NSANY/history?period1=322790400&period2=1620604800&interval=1mo&filter=history&frequency=1mo&includeAdjustedClose=true,"May 01, 2021",10,10.27
1620644602-3372,https://finance.yahoo.com/quote/NSANY/history?period1=322790400&period2=1620604800&interval=1mo&filter=history&frequency=1mo&includeAdjustedClose=true,"Aug 01, 2018",18.98,18.77
1620644602-3588,https://finance.yahoo.com/quote/NSANY/history?period1=322790400&period2=1620604800&interval=1mo&filter=history&frequency=1mo&includeAdjustedClose=true,"Oct 01, 2001",8.7,9.05
1620644602-3591,https://finance.yahoo.com/quote/NSANY/history?period1=322790400&period2=1620604800&interval=1mo&filter=history&frequency=1mo&includeAdjustedClose=true,"Jul 01, 2001",13.89,13.8
1620644602-3772,https://finance.yahoo.com/quote/NSANY/history?period1=322790400&period2=1620604800&interval=1mo&filter=history&frequency=1mo&includeAdjustedClose=true,"Apr 01, 1988",0,15.5
1620644602-3764,https://finance.yahoo.com/quote/NSANY/history?period1=322790400&period2=1620604800&interval=1mo&filter=history&frequency=1mo&includeAdjustedClose=true,"Nov 01, 1988",20.88,21.5
1620644602-3380,https://finance.yahoo.com/quote/NSANY/history?period1=322790400&period2=1620604800&interval=1mo&filter=history&frequency=1mo&includeAdjustedClose=true,"Dec 01, 2017",19.27,19.9
1620644602-3694,https://finance.yahoo.com/quote/NSANY/history?period1=322790400&period2=1620604800&interval=1mo&filter=history&frequency=1mo&includeAdjustedClose=true,"Jan 01, 1994",13.25,14.88
1620644602-3783,https://finance.yahoo.com/quote/NSANY/history?period1=322790400&period2=1620604800&interval=1mo&filter=history&frequency=1mo&includeAdjustedClose=true,"Jul 01, 1987",0,9
1620644602-3451,https://finance.yahoo.com/quote/NSANY/history?period1=322790400&period2=1620604800&interval=1mo&filter=history&frequency=1mo&includeAdjustedClose=true,"Feb 01, 2012",19.15,20.5
1620644602-3483,https://finance.yahoo.com/quote/NSANY/history?period1=322790400&period2=1620604800&interval=1mo&filter=history&frequency=1mo&includeAdjustedClose=true,"Jun 01, 2009",12.14,12.08
1620644602-3477,https://finance.yahoo.com/quote/NSANY/history?period1=322790400&period2=1620604800&interval=1mo&filter=history&frequency=1mo&includeAdjustedClose=true,"Dec 01, 2009",14.7,17.63
1620644602-3747,https://finance.yahoo.com/quote/NSANY/history?period1=322790400&period2=1620604800&interval=1mo&filter=history&frequency=1mo&includeAdjustedClose=true,"Feb 01, 1990",0,16.63
1620644602-3490,https://finance.yahoo.com/quote/NSANY/history?period1=322790400&period2=1620604800&interval=1mo&filter=history&frequency=1mo&includeAdjustedClose=true,"Nov 01, 2008",9.58,6.68
1620644602-3373,https://finance.yahoo.com/quote/NSANY/history?period1=322790400&period2=1620604800&interval=1mo&filter=history&frequency=1mo&includeAdjustedClose=true,"Jul 01, 2018",19,18.91
1620644602-3413,https://finance.yahoo.com/quote/NSANY/history?period1=322790400&period2=1620604800&interval=1mo&filter=history&frequency=1mo&includeAdjustedClose=true,"Mar 01, 2015",20.84,20.33
1620644602-3739,https://finance.yahoo.com/quote/NSANY/history?period1=322790400&period2=1620604800&interval=1mo&filter=history&frequency=1mo&includeAdjustedClose=true,"Sep 01, 1990",12.25,10.13
1620644602-3699,https://finance.yahoo.com/quote/NSANY/history?period1=322790400&period2=1620604800&interval=1mo&filter=history&frequency=1mo&includeAdjustedClose=true,"Aug 01, 1993",13.88,14.25
1620644602-3579,https://finance.yahoo.com/quote/NSANY/history?period1=322790400&period2=1620604800&interval=1mo&filter=history&frequency=1mo&includeAdjustedClose=true,"Jun 01, 2002",14.73,14.01
1620644602-3536,https://finance.yahoo.com/quote/NSANY/history?period1=322790400&period2=1620604800&interval=1mo&filter=history&frequency=1mo&includeAdjustedClose=true,"Jul 01, 2005",20.07,20.81
1620644602-3788,https://finance.yahoo.com/quote/NSANY/history?period1=322790400&period2=1620604800&interval=1mo&filter=history&frequency=1mo&includeAdjustedClose=true,"Mar 01, 1987",0,8.13
1620644602-3514,https://finance.yahoo.com/quote/NSANY/history?period1=322790400&period2=1620604800&interval=1mo&filter=history&frequency=1mo&includeAdjustedClose=true,"Feb 01, 2007",25.5,22.99
1620644602-3353,https://finance.yahoo.com/quote/NSANY/history?period1=322790400&period2=1620604800&interval=1mo&filter=history&frequency=1mo&includeAdjustedClose=true,"Mar 01, 2020",8.46,6.7
1620644602-3715,https://finance.yahoo.com/quote/NSANY/history?period1=322790400&period2=1620604800&interval=1mo&filter=history&frequency=1mo&includeAdjustedClose=true,"May 01, 1992",9.13,9.63
1620644602-3806,https://finance.yahoo.com/quote/NSANY/history?period1=322790400&period2=1620604800&interval=1mo&filter=history&frequency=1mo&includeAdjustedClose=true,"Sep 01, 1985",0,5.13
1620644602-3550,https://finance.yahoo.com/quote/NSANY/history?period1=322790400&period2=1620604800&interval=1mo&filter=history&frequency=1mo&includeAdjustedClose=true,"Jul 01, 2004",22.5,21.44
1620644602-3385,https://finance.yahoo.com/quote/NSANY/history?period1=322790400&period2=1620604800&interval=1mo&filter=history&frequency=1mo&includeAdjustedClose=true,"Jul 01, 2017",19.9,19.91
1620644602-3454,https://finance.yahoo.com/quote/NSANY/history?period1=322790400&period2=1620604800&interval=1mo&filter=history&frequency=1mo&includeAdjustedClose=true,"Nov 01, 2011",18.23,18.26
1620644602-3585,https://finance.yahoo.com/quote/NSANY/history?period1=322790400&period2=1620604800&interval=1mo&filter=history&frequency=1mo&includeAdjustedClose=true,"Jan 01, 2002",10.8,10.89
1620644602-3537,https://finance.yahoo.com/quote/NSANY/history?period1=322790400&period2=1620604800&interval=1mo&filter=history&frequency=1mo&includeAdjustedClose=true,"Jun 01, 2005",19.7,19.88
1620644602-3552,https://finance.yahoo.com/quote/NSANY/history?period1=322790400&period2=1620604800&interval=1mo&filter=history&frequency=1mo&includeAdjustedClose=true,"May 01, 2004",21.91,20.32
1620644602-3415,https://finance.yahoo.com/quote/NSANY/history?period1=322790400&period2=1620604800&interval=1mo&filter=history&frequency=1mo&includeAdjustedClose=true,"Jan 01, 2015",17.57,17.02
1620644602-3709,https://finance.yahoo.com/quote/NSANY/history?period1=322790400&period2=1620604800&interval=1mo&filter=history&frequency=1mo&includeAdjustedClose=true,"Nov 01, 1992",8.88,9.13
1620644602-3649,https://finance.yahoo.com/quote/NSANY/history?period1=322790400&period2=1620604800&interval=1mo&filter=history&frequency=1mo&includeAdjustedClose=true,"May 01, 1997",11.88,13.38
1620644602-3673,https://finance.yahoo.com/quote/NSANY/history?period1=322790400&period2=1620604800&interval=1mo&filter=history&frequency=1mo&includeAdjustedClose=true,"Aug 01, 1995",13.5,15.13
1620644602-3360,https://finance.yahoo.com/quote/NSANY/history?period1=322790400&period2=1620604800&interval=1mo&filter=history&frequency=1mo&includeAdjustedClose=true,"Aug 01, 2019",13,12.32
1620644602-3679,https://finance.yahoo.com/quote/NSANY/history?period1=322790400&period2=1620604800&interval=1mo&filter=history&frequency=1mo&includeAdjustedClose=true,"Mar 01, 1995",13.38,14.75
1620644602-3580,https://finance.yahoo.com/quote/NSANY/history?period1=322790400&period2=1620604800&interval=1mo&filter=history&frequency=1mo&includeAdjustedClose=true,"May 01, 2002",15.54,14.5
1620644602-3469,https://finance.yahoo.com/quote/NSANY/history?period1=322790400&period2=1620604800&interval=1mo&filter=history&frequency=1mo&includeAdjustedClose=true,"Aug 01, 2010",15.25,15.23
1620644602-3382,https://finance.yahoo.com/quote/NSANY/history?period1=322790400&period2=1620604800&interval=1mo&filter=history&frequency=1mo&includeAdjustedClose=true,"Oct 01, 2017",19.36,19.44
1620644602-3388,https://finance.yahoo.com/quote/NSANY/history?period1=322790400&period2=1620604800&interval=1mo&filter=history&frequency=1mo&includeAdjustedClose=true,"Apr 01, 2017",19.19,19.05
1620644602-3462,https://finance.yahoo.com/quote/NSANY/history?period1=322790400&period2=1620604800&interval=1mo&filter=history&frequency=1mo&includeAdjustedClose=true,"Mar 01, 2011",20.75,17.65
1620644602-3564,https://finance.yahoo.com/quote/NSANY/history?period1=322790400&period2=1620604800&interval=1mo&filter=history&frequency=1mo&includeAdjustedClose=true,"Jul 01, 2003",18.85,19.84
1620644602-3492,https://finance.yahoo.com/quote/NSANY/history?period1=322790400&period2=1620604800&interval=1mo&filter=history&frequency=1mo&includeAdjustedClose=true,"Sep 01, 2008",14.91,13.59
1620644602-3541,https://finance.yahoo.com/quote/NSANY/history?period1=322790400&period2=1620604800&interval=1mo&filter=history&frequency=1mo&includeAdjustedClose=true,"Mar 01, 2005",21.4,20.47
1620644602-3491,https://finance.yahoo.com/quote/NSANY/history?period1=322790400&period2=1620604800&interval=1mo&filter=history&frequency=1mo&includeAdjustedClose=true,"Oct 01, 2008",13.26,9.61
1620644602-3684,https://finance.yahoo.com/quote/NSANY/history?period1=322790400&period2=1620604800&interval=1mo&filter=history&frequency=1mo&includeAdjustedClose=true,"Oct 01, 1994",16.38,17.13
1620644602-3456,https://finance.yahoo.com/quote/NSANY/history?period1=322790400&period2=1620604800&interval=1mo&filter=history&frequency=1mo&includeAdjustedClose=true,"Sep 01, 2011",18.72,17.55
1620644602-3571,https://finance.yahoo.com/quote/NSANY/history?period1=322790400&period2=1620604800&interval=1mo&filter=history&frequency=1mo&includeAdjustedClose=true,"Jan 01, 2003",15.5,15.3
1620644602-3781,https://finance.yahoo.com/quote/NSANY/history?period1=322790400&period2=1620604800&interval=1mo&filter=history&frequency=1mo&includeAdjustedClose=true,"Sep 01, 1987",0,11.5
1620644602-3443,https://finance.yahoo.com/quote/NSANY/history?period1=322790400&period2=1620604800&interval=1mo&filter=history&frequency=1mo&includeAdjustedClose=true,"Oct 01, 2012",16.8,16.72
1620644602-3669,https://finance.yahoo.com/quote/NSANY/history?period1=322790400&period2=1620604800&interval=1mo&filter=history&frequency=1mo&includeAdjustedClose=true,"Nov 01, 1995",13.38,14.88
1620644602-3606,https://finance.yahoo.com/quote/NSANY/history?period1=322790400&period2=1620604800&interval=1mo&filter=history&frequency=1mo&includeAdjustedClose=true,"Jun 01, 2000",10.19,11.5
1620644602-3622,https://finance.yahoo.com/quote/NSANY/history?period1=322790400&period2=1620604800&interval=1mo&filter=history&frequency=1mo&includeAdjustedClose=true,"Apr 01, 1999",7.5,7.5
1620644602-3732,https://finance.yahoo.com/quote/NSANY/history?period1=322790400&period2=1620604800&interval=1mo&filter=history&frequency=1mo&includeAdjustedClose=true,"Mar 01, 1991",0,10.63
1620644602-3629,https://finance.yahoo.com/quote/NSANY/history?period1=322790400&period2=1620604800&interval=1mo&filter=history&frequency=1mo&includeAdjustedClose=true,"Oct 01, 1998",4.75,5.44
1620644602-3680,https://finance.yahoo.com/quote/NSANY/history?period1=322790400&period2=1620604800&interval=1mo&filter=history&frequency=1mo&includeAdjustedClose=true,"Feb 01, 1995",14.25,13.5
1620644602-3349,https://finance.yahoo.com/quote/NSANY/history?period1=322790400&period2=1620604800&interval=1mo&filter=history&frequency=1mo&includeAdjustedClose=true,"Jul 01, 2020",7.31,6.86
1620644602-3530,https://finance.yahoo.com/quote/NSANY/history?period1=322790400&period2=1620604800&interval=1mo&filter=history&frequency=1mo&includeAdjustedClose=true,"Dec 01, 2005",20.43,20.44
1620644602-3714,https://finance.yahoo.com/quote/NSANY/history?period1=322790400&period2=1620604800&interval=1mo&filter=history&frequency=1mo&includeAdjustedClose=true,"Jun 01, 1992",0,8.88
1620644602-3777,https://finance.yahoo.com/quote/NSANY/history?period1=322790400&period2=1620604800&interval=1mo&filter=history&frequency=1mo&includeAdjustedClose=true,"Dec 01, 1987",0,11.5
1620644602-3555,https://finance.yahoo.com/quote/NSANY/history?period1=322790400&period2=1620604800&interval=1mo&filter=history&frequency=1mo&includeAdjustedClose=true,"Mar 01, 2004",22.08,22.01
1620644602-3431,https://finance.yahoo.com/quote/NSANY/history?period1=322790400&period2=1620604800&interval=1mo&filter=history&frequency=1mo&includeAdjustedClose=true,"Oct 01, 2013",20.22,20.13
1620644602-3792,https://finance.yahoo.com/quote/NSANY/history?period1=322790400&period2=1620604800&interval=1mo&filter=history&frequency=1mo&includeAdjustedClose=true,"Nov 01, 1986",0,6.63
1620644602-3426,https://finance.yahoo.com/quote/NSANY/history?period1=322790400&period2=1620604800&interval=1mo&filter=history&frequency=1mo&includeAdjustedClose=true,"Mar 01, 2014",17.89,17.87
1620644602-3437,https://finance.yahoo.com/quote/NSANY/history?period1=322790400&period2=1620604800&interval=1mo&filter=history&frequency=1mo&includeAdjustedClose=true,"Apr 01, 2013",19,20.85
1620644602-3542,https://finance.yahoo.com/quote/NSANY/history?period1=322790400&period2=1620604800&interval=1mo&filter=history&frequency=1mo&includeAdjustedClose=true,"Feb 01, 2005",21.18,21.43
1620644602-3518,https://finance.yahoo.com/quote/NSANY/history?period1=322790400&period2=1620604800&interval=1mo&filter=history&frequency=1mo&includeAdjustedClose=true,"Oct 01, 2006",22.79,23.94
1620644602-3765,https://finance.yahoo.com/quote/NSANY/history?period1=322790400&period2=1620604800&interval=1mo&filter=history&frequency=1mo&includeAdjustedClose=true,"Oct 01, 1988",0,20.88
1620644602-3797,https://finance.yahoo.com/quote/NSANY/history?period1=322790400&period2=1620604800&interval=1mo&filter=history&frequency=1mo&includeAdjustedClose=true,"Jun 01, 1986",0,7.25
1620644602-3486,https://finance.yahoo.com/quote/NSANY/history?period1=322790400&period2=1620604800&interval=1mo&filter=history&frequency=1mo&includeAdjustedClose=true,"Mar 01, 2009",5.92,7.25
1620644602-3587,https://finance.yahoo.com/quote/NSANY/history?period1=322790400&period2=1620604800&interval=1mo&filter=history&frequency=1mo&includeAdjustedClose=true,"Nov 01, 2001",9.14,10
1620644602-3743,https://finance.yahoo.com/quote/NSANY/history?period1=322790400&period2=1620604800&interval=1mo&filter=history&frequency=1mo&includeAdjustedClose=true,"May 01, 1990",0,15.63
1620644602-3610,https://finance.yahoo.com/quote/NSANY/history?period1=322790400&period2=1620604800&interval=1mo&filter=history&frequency=1mo&includeAdjustedClose=true,"Mar 01, 2000",7.81,8.13
1620644602-3467,https://finance.yahoo.com/quote/NSANY/history?period1=322790400&period2=1620604800&interval=1mo&filter=history&frequency=1mo&includeAdjustedClose=true,"Oct 01, 2010",17.7,17.47
1620644602-3567,https://finance.yahoo.com/quote/NSANY/history?period1=322790400&period2=1620604800&interval=1mo&filter=history&frequency=1mo&includeAdjustedClose=true,"Apr 01, 2003",13.5,15.33
1620644602-3734,https://finance.yahoo.com/quote/NSANY/history?period1=322790400&period2=1620604800&interval=1mo&filter=history&frequency=1mo&includeAdjustedClose=true,"Jan 01, 1991",10,10.75
1620644602-3753,https://finance.yahoo.com/quote/NSANY/history?period1=322790400&period2=1620604800&interval=1mo&filter=history&frequency=1mo&includeAdjustedClose=true,"Sep 01, 1989",0,21.75
1620644602-3489,https://finance.yahoo.com/quote/NSANY/history?period1=322790400&period2=1620604800&interval=1mo&filter=history&frequency=1mo&includeAdjustedClose=true,"Dec 01, 2008",6.66,7.28
1620644602-3394,https://finance.yahoo.com/quote/NSANY/history?period1=322790400&period2=1620604800&interval=1mo&filter=history&frequency=1mo&includeAdjustedClose=true,"Oct 01, 2016",19.36,20.31
1620644602-3713,https://finance.yahoo.com/quote/NSANY/history?period1=322790400&period2=1620604800&interval=1mo&filter=history&frequency=1mo&includeAdjustedClose=true,"Jul 01, 1992",9.25,9.13
1620644602-3636,https://finance.yahoo.com/quote/NSANY/history?period1=322790400&period2=1620604800&interval=1mo&filter=history&frequency=1mo&includeAdjustedClose=true,"Apr 01, 1998",7.56,6.75
1620644602-3359,https://finance.yahoo.com/quote/NSANY/history?period1=322790400&period2=1620604800&interval=1mo&filter=history&frequency=1mo&includeAdjustedClose=true,"Sep 01, 2019",12.25,12.49
1620644602-3400,https://finance.yahoo.com/quote/NSANY/history?period1=322790400&period2=1620604800&interval=1mo&filter=history&frequency=1mo&includeAdjustedClose=true,"Apr 01, 2016",17.96,17.78
1620644602-3767,https://finance.yahoo.com/quote/NSANY/history?period1=322790400&period2=1620604800&interval=1mo&filter=history&frequency=1mo&includeAdjustedClose=true,"Sep 01, 1988",0,18.88
1620644602-3735,https://finance.yahoo.com/quote/NSANY/history?period1=322790400&period2=1620604800&interval=1mo&filter=history&frequency=1mo&includeAdjustedClose=true,"Dec 01, 1990",0,10
1620644602-3805,https://finance.yahoo.com/quote/NSANY/history?period1=322790400&period2=1620604800&interval=1mo&filter=history&frequency=1mo&includeAdjustedClose=true,"Oct 01, 1985",0,5.38
1620644602-3535,https://finance.yahoo.com/quote/NSANY/history?period1=322790400&period2=1620604800&interval=1mo&filter=history&frequency=1mo&includeAdjustedClose=true,"Aug 01, 2005",20.88,21.09
1620644602-3423,https://finance.yahoo.com/quote/NSANY/history?period1=322790400&period2=1620604800&interval=1mo&filter=history&frequency=1mo&includeAdjustedClose=true,"May 01, 2014",17.3,18.1
1620644602-3466,https://finance.yahoo.com/quote/NSANY/history?period1=322790400&period2=1620604800&interval=1mo&filter=history&frequency=1mo&includeAdjustedClose=true,"Nov 01, 2010",17.15,18.76
1620644602-3370,https://finance.yahoo.com/quote/NSANY/history?period1=322790400&period2=1620604800&interval=1mo&filter=history&frequency=1mo&includeAdjustedClose=true,"Oct 01, 2018",18.38,18.16
1620644602-3769,https://finance.yahoo.com/quote/NSANY/history?period1=322790400&period2=1620604800&interval=1mo&filter=history&frequency=1mo&includeAdjustedClose=true,"Jul 01, 1988",0,18.63
1620644602-3619,https://finance.yahoo.com/quote/NSANY/history?period1=322790400&period2=1620604800&interval=1mo&filter=history&frequency=1mo&includeAdjustedClose=true,"Jul 01, 1999",9.72,11.63
1620644602-3633,https://finance.yahoo.com/quote/NSANY/history?period1=322790400&period2=1620604800&interval=1mo&filter=history&frequency=1mo&includeAdjustedClose=true,"Jul 01, 1998",6.63,6.44
1620644602-3387,https://finance.yahoo.com/quote/NSANY/history?period1=322790400&period2=1620604800&interval=1mo&filter=history&frequency=1mo&includeAdjustedClose=true,"May 01, 2017",19.06,19.16
1620644602-3474,https://finance.yahoo.com/quote/NSANY/history?period1=322790400&period2=1620604800&interval=1mo&filter=history&frequency=1mo&includeAdjustedClose=true,"Mar 01, 2010",15.75,17.2
1620644602-3572,https://finance.yahoo.com/quote/NSANY/history?period1=322790400&period2=1620604800&interval=1mo&filter=history&frequency=1mo&includeAdjustedClose=true,"Dec 01, 2002",15.9,15.38
1620644602-3611,https://finance.yahoo.com/quote/NSANY/history?period1=322790400&period2=1620604800&interval=1mo&filter=history&frequency=1mo&includeAdjustedClose=true,"Feb 01, 2000",9.13,7.81
1620644602-3703,https://finance.yahoo.com/quote/NSANY/history?period1=322790400&period2=1620604800&interval=1mo&filter=history&frequency=1mo&includeAdjustedClose=true,"Apr 01, 1993",13.38,15.25
1620644602-3670,https://finance.yahoo.com/quote/NSANY/history?period1=322790400&period2=1620604800&interval=1mo&filter=history&frequency=1mo&includeAdjustedClose=true,"Oct 01, 1995",14.25,13.75
1620644602-3450,https://finance.yahoo.com/quote/NSANY/history?period1=322790400&period2=1620604800&interval=1mo&filter=history&frequency=1mo&includeAdjustedClose=true,"Mar 01, 2012",20.28,21.47
1620644602-3528,https://finance.yahoo.com/quote/NSANY/history?period1=322790400&period2=1620604800&interval=1mo&filter=history&frequency=1mo&includeAdjustedClose=true,"Feb 01, 2006",21.94,23.01
1620644602-3442,https://finance.yahoo.com/quote/NSANY/history?period1=322790400&period2=1620604800&interval=1mo&filter=history&frequency=1mo&includeAdjustedClose=true,"Nov 01, 2012",16.71,19.56
1620644602-3472,https://finance.yahoo.com/quote/NSANY/history?period1=322790400&period2=1620604800&interval=1mo&filter=history&frequency=1mo&includeAdjustedClose=true,"May 01, 2010",17.25,14.44
1620644602-3683,https://finance.yahoo.com/quote/NSANY/history?period1=322790400&period2=1620604800&interval=1mo&filter=history&frequency=1mo&includeAdjustedClose=true,"Nov 01, 1994",17,16.75
1620644602-3397,https://finance.yahoo.com/quote/NSANY/history?period1=322790400&period2=1620604800&interval=1mo&filter=history&frequency=1mo&includeAdjustedClose=true,"Jul 01, 2016",18,19.36
1620644602-3401,https://finance.yahoo.com/quote/NSANY/history?period1=322790400&period2=1620604800&interval=1mo&filter=history&frequency=1mo&includeAdjustedClose=true,"Mar 01, 2016",18.06,18.51
1620644602-3744,https://finance.yahoo.com/quote/NSANY/history?period1=322790400&period2=1620604800&interval=1mo&filter=history&frequency=1mo&includeAdjustedClose=true,"Apr 01, 1990",0,13.63
1620644602-3661,https://finance.yahoo.com/quote/NSANY/history?period1=322790400&period2=1620604800&interval=1mo&filter=history&frequency=1mo&includeAdjustedClose=true,"Jun 01, 1996",16.63,17.75
1620644602-3605,https://finance.yahoo.com/quote/NSANY/history?period1=322790400&period2=1620604800&interval=1mo&filter=history&frequency=1mo&includeAdjustedClose=true,"Jul 01, 2000",11.63,10.03
1620644602-3499,https://finance.yahoo.com/quote/NSANY/history?period1=322790400&period2=1620604800&interval=1mo&filter=history&frequency=1mo&includeAdjustedClose=true,"Mar 01, 2008",18.08,16.68
1620644602-3749,https://finance.yahoo.com/quote/NSANY/history?period1=322790400&period2=1620604800&interval=1mo&filter=history&frequency=1mo&includeAdjustedClose=true,"Dec 01, 1989",21.5,20.38
1620644602-3543,https://finance.yahoo.com/quote/NSANY/history?period1=322790400&period2=1620604800&interval=1mo&filter=history&frequency=1mo&includeAdjustedClose=true,"Jan 01, 2005",21.62,21.18
1620644602-3399,https://finance.yahoo.com/quote/NSANY/history?period1=322790400&period2=1620604800&interval=1mo&filter=history&frequency=1mo&includeAdjustedClose=true,"May 01, 2016",17.71,20.08
1620644602-3706,https://finance.yahoo.com/quote/NSANY/history?period1=322790400&period2=1620604800&interval=1mo&filter=history&frequency=1mo&includeAdjustedClose=true,"Feb 01, 1993",10,10.38
1620644602-3523,https://finance.yahoo.com/quote/NSANY/history?period1=322790400&period2=1620604800&interval=1mo&filter=history&frequency=1mo&includeAdjustedClose=true,"Jun 01, 2006",24.16,21.98
1620644602-3762,https://finance.yahoo.com/quote/NSANY/history?period1=322790400&period2=1620604800&interval=1mo&filter=history&frequency=1mo&includeAdjustedClose=true,"Jan 01, 1989",0,20.75
1620644602-3793,https://finance.yahoo.com/quote/NSANY/history?period1=322790400&period2=1620604800&interval=1mo&filter=history&frequency=1mo&includeAdjustedClose=true,"Oct 01, 1986",7.38,6.75
1620644602-3354,https://finance.yahoo.com/quote/NSANY/history?period1=322790400&period2=1620604800&interval=1mo&filter=history&frequency=1mo&includeAdjustedClose=true,"Feb 01, 2020",10.85,8.56
1620644602-3774,https://finance.yahoo.com/quote/NSANY/history?period1=322790400&period2=1620604800&interval=1mo&filter=history&frequency=1mo&includeAdjustedClose=true,"Mar 01, 1988",0,15.25
1620644602-3374,https://finance.yahoo.com/quote/NSANY/history?period1=322790400&period2=1620604800&interval=1mo&filter=history&frequency=1mo&includeAdjustedClose=true,"Jun 01, 2018",19.75,19.43
1620644602-3794,https://finance.yahoo.com/quote/NSANY/history?period1=322790400&period2=1620604800&interval=1mo&filter=history&frequency=1mo&includeAdjustedClose=true,"Sep 01, 1986",0,7.38
1620644602-3557,https://finance.yahoo.com/quote/NSANY/history?period1=322790400&period2=1620604800&interval=1mo&filter=history&frequency=1mo&includeAdjustedClose=true,"Jan 01, 2004",22.6,21.31
1620644602-3432,https://finance.yahoo.com/quote/NSANY/history?period1=322790400&period2=1620604800&interval=1mo&filter=history&frequency=1mo&includeAdjustedClose=true,"Sep 01, 2013",20.44,20.21
1620644602-3776,https://finance.yahoo.com/quote/NSANY/history?period1=322790400&period2=1620604800&interval=1mo&filter=history&frequency=1mo&includeAdjustedClose=true,"Jan 01, 1988",0,12.13
1620644602-3804,https://finance.yahoo.com/quote/NSANY/history?period1=322790400&period2=1620604800&interval=1mo&filter=history&frequency=1mo&includeAdjustedClose=true,"Nov 01, 1985",0,5.5
1620644602-3411,https://finance.yahoo.com/quote/NSANY/history?period1=322790400&period2=1620604800&interval=1mo&filter=history&frequency=1mo&includeAdjustedClose=true,"May 01, 2015",20.58,20.78
1620644602-3658,https://finance.yahoo.com/quote/NSANY/history?period1=322790400&period2=1620604800&interval=1mo&filter=history&frequency=1mo&includeAdjustedClose=true,"Sep 01, 1996",14.75,16.13
1620644602-3376,https://finance.yahoo.com/quote/NSANY/history?period1=322790400&period2=1620604800&interval=1mo&filter=history&frequency=1mo&includeAdjustedClose=true,"Apr 01, 2018",20.65,21.05
1620644602-3410,https://finance.yahoo.com/quote/NSANY/history?period1=322790400&period2=1620604800&interval=1mo&filter=history&frequency=1mo&includeAdjustedClose=true,"Jun 01, 2015",20.9,20.91
1620644602-3695,https://finance.yahoo.com/quote/NSANY/history?period1=322790400&period2=1620604800&interval=1mo&filter=history&frequency=1mo&includeAdjustedClose=true,"Dec 01, 1993",13.13,13.25
1620644602-3803,https://finance.yahoo.com/quote/NSANY/history?period1=322790400&period2=1620604800&interval=1mo&filter=history&frequency=1mo&includeAdjustedClose=true,"Dec 01, 1985",0,5.5
1620644602-3473,https://finance.yahoo.com/quote/NSANY/history?period1=322790400&period2=1620604800&interval=1mo&filter=history&frequency=1mo&includeAdjustedClose=true,"Apr 01, 2010",17.2,17.33
1620644602-3355,https://finance.yahoo.com/quote/NSANY/history?period1=322790400&period2=1620604800&interval=1mo&filter=history&frequency=1mo&includeAdjustedClose=true,"Jan 01, 2020",11.56,10.77
1620644602-3409,https://finance.yahoo.com/quote/NSANY/history?period1=322790400&period2=1620604800&interval=1mo&filter=history&frequency=1mo&includeAdjustedClose=true,"Jul 01, 2015",20.99,19.34
1620644602-3634,https://finance.yahoo.com/quote/NSANY/history?period1=322790400&period2=1620604800&interval=1mo&filter=history&frequency=1mo&includeAdjustedClose=true,"Jun 01, 1998",6.06,6.38
1620644602-3496,https://finance.yahoo.com/quote/NSANY/history?period1=322790400&period2=1620604800&interval=1mo&filter=history&frequency=1mo&includeAdjustedClose=true,"May 01, 2008",17.73,17.75
1620644602-3705,https://finance.yahoo.com/quote/NSANY/history?period1=322790400&period2=1620604800&interval=1mo&filter=history&frequency=1mo&includeAdjustedClose=true,"Mar 01, 1993",10.38,13
1620644602-3600,https://finance.yahoo.com/quote/NSANY/history?period1=322790400&period2=1620604800&interval=1mo&filter=history&frequency=1mo&includeAdjustedClose=true,"Nov 01, 2000",13.63,11.75
1620644602-3544,https://finance.yahoo.com/quote/NSANY/history?period1=322790400&period2=1620604800&interval=1mo&filter=history&frequency=1mo&includeAdjustedClose=true,"Dec 01, 2004",20.91,21.92
1620644602-3607,https://finance.yahoo.com/quote/NSANY/history?period1=322790400&period2=1620604800&interval=1mo&filter=history&frequency=1mo&includeAdjustedClose=true,"May 01, 2000",9.03,10.69
1620644602-3618,https://finance.yahoo.com/quote/NSANY/history?period1=322790400&period2=1620604800&interval=1mo&filter=history&frequency=1mo&includeAdjustedClose=true,"Aug 01, 1999",11.25,11.44
1620644602-3347,https://finance.yahoo.com/quote/NSANY/history?period1=322790400&period2=1620604800&interval=1mo&filter=history&frequency=1mo&includeAdjustedClose=true,"Sep 01, 2020",8.12,7.02
1620644602-3495,https://finance.yahoo.com/quote/NSANY/history?period1=322790400&period2=1620604800&interval=1mo&filter=history&frequency=1mo&includeAdjustedClose=true,"Jun 01, 2008",17.78,16.45
1620644602-3510,https://finance.yahoo.com/quote/NSANY/history?period1=322790400&period2=1620604800&interval=1mo&filter=history&frequency=1mo&includeAdjustedClose=true,"May 01, 2007",20.36,22.32
1620644602-3390,https://finance.yahoo.com/quote/NSANY/history?period1=322790400&period2=1620604800&interval=1mo&filter=history&frequency=1mo&includeAdjustedClose=true,"Feb 01, 2017",19.8,19.68
1620644602-3627,https://finance.yahoo.com/quote/NSANY/history?period1=322790400&period2=1620604800&interval=1mo&filter=history&frequency=1mo&includeAdjustedClose=true,"Dec 01, 1998",6.19,5.94
1620644602-3361,https://finance.yahoo.com/quote/NSANY/history?period1=322790400&period2=1620604800&interval=1mo&filter=history&frequency=1mo&includeAdjustedClose=true,"Jul 01, 2019",14.58,12.94
1620644602-3782,https://finance.yahoo.com/quote/NSANY/history?period1=322790400&period2=1620604800&interval=1mo&filter=history&frequency=1mo&includeAdjustedClose=true,"Aug 01, 1987",0,9.88
1620644602-3754,https://finance.yahoo.com/quote/NSANY/history?period1=322790400&period2=1620604800&interval=1mo&filter=history&frequency=1mo&includeAdjustedClose=true,"Aug 01, 1989",0,20.75
1620644602-3430,https://finance.yahoo.com/quote/NSANY/history?period1=322790400&period2=1620604800&interval=1mo&filter=history&frequency=1mo&includeAdjustedClose=true,"Nov 01, 2013",18.99,18.26
1620644602-3503,https://finance.yahoo.com/quote/NSANY/history?period1=322790400&period2=1620604800&interval=1mo&filter=history&frequency=1mo&includeAdjustedClose=true,"Nov 01, 2007",23.5,22.9
1620644602-3573,https://finance.yahoo.com/quote/NSANY/history?period1=322790400&period2=1620604800&interval=1mo&filter=history&frequency=1mo&includeAdjustedClose=true,"Nov 01, 2002",15.9,16.05
1620644602-3379,https://finance.yahoo.com/quote/NSANY/history?period1=322790400&period2=1620604800&interval=1mo&filter=history&frequency=1mo&includeAdjustedClose=true,"Jan 01, 2018",19.66,21.5
1620644602-3440,https://finance.yahoo.com/quote/NSANY/history?period1=322790400&period2=1620604800&interval=1mo&filter=history&frequency=1mo&includeAdjustedClose=true,"Jan 01, 2013",19.09,20.44
1620644602-3718,https://finance.yahoo.com/quote/NSANY/history?period1=322790400&period2=1620604800&interval=1mo&filter=history&frequency=1mo&includeAdjustedClose=true,"Mar 01, 1992",0,9.13
1620644602-3412,https://finance.yahoo.com/quote/NSANY/history?period1=322790400&period2=1620604800&interval=1mo&filter=history&frequency=1mo&includeAdjustedClose=true,"Apr 01, 2015",20.09,20.75
1620644602-3771,https://finance.yahoo.com/quote/NSANY/history?period1=322790400&period2=1620604800&interval=1mo&filter=history&frequency=1mo&includeAdjustedClose=true,"May 01, 1988",15.5,14.75
1620644602-3532,https://finance.yahoo.com/quote/NSANY/history?period1=322790400&period2=1620604800&interval=1mo&filter=history&frequency=1mo&includeAdjustedClose=true,"Oct 01, 2005",22.94,20.95
1620644602-3655,https://finance.yahoo.com/quote/NSANY/history?period1=322790400&period2=1620604800&interval=1mo&filter=history&frequency=1mo&includeAdjustedClose=true,"Nov 01, 1996",14.88,14.25
1620644602-3517,https://finance.yahoo.com/quote/NSANY/history?period1=322790400&period2=1620604800&interval=1mo&filter=history&frequency=1mo&includeAdjustedClose=true,"Nov 01, 2006",24.64,24.29
1620644602-3757,https://finance.yahoo.com/quote/NSANY/history?period1=322790400&period2=1620604800&interval=1mo&filter=history&frequency=1mo&includeAdjustedClose=true,"May 01, 1989",0,21.75
1620644602-3597,https://finance.yahoo.com/quote/NSANY/history?period1=322790400&period2=1620604800&interval=1mo&filter=history&frequency=1mo&includeAdjustedClose=true,"Feb 01, 2001",12.06,12.75
1620644602-3736,https://finance.yahoo.com/quote/NSANY/history?period1=322790400&period2=1620604800&interval=1mo&filter=history&frequency=1mo&includeAdjustedClose=true,"Nov 01, 1990",0,10.25
1620644602-3405,https://finance.yahoo.com/quote/NSANY/history?period1=322790400&period2=1620604800&interval=1mo&filter=history&frequency=1mo&includeAdjustedClose=true,"Nov 01, 2015",21.11,21.68
1620644602-3662,https://finance.yahoo.com/quote/NSANY/history?period1=322790400&period2=1620604800&interval=1mo&filter=history&frequency=1mo&includeAdjustedClose=true,"May 01, 1996",16.25,16.5
1620644602-3710,https://finance.yahoo.com/quote/NSANY/history?period1=322790400&period2=1620604800&interval=1mo&filter=history&frequency=1mo&includeAdjustedClose=true,"Oct 01, 1992",9.75,9.25
1620644602-3612,https://finance.yahoo.com/quote/NSANY/history?period1=322790400&period2=1620604800&interval=1mo&filter=history&frequency=1mo&includeAdjustedClose=true,"Jan 01, 2000",8.13,9.38
1620644602-3367,https://finance.yahoo.com/quote/NSANY/history?period1=322790400&period2=1620604800&interval=1mo&filter=history&frequency=1mo&includeAdjustedClose=true,"Jan 01, 2019",15.94,17.07
1620644602-3690,https://finance.yahoo.com/quote/NSANY/history?period1=322790400&period2=1620604800&interval=1mo&filter=history&frequency=1mo&includeAdjustedClose=true,"May 01, 1994",17,17.13
1620644602-3577,https://finance.yahoo.com/quote/NSANY/history?period1=322790400&period2=1620604800&interval=1mo&filter=history&frequency=1mo&includeAdjustedClose=true,"Aug 01, 2002",14.13,14.75
1620644602-3742,https://finance.yahoo.com/quote/NSANY/history?period1=322790400&period2=1620604800&interval=1mo&filter=history&frequency=1mo&includeAdjustedClose=true,"Jun 01, 1990",0,14.13
1620644602-3549,https://finance.yahoo.com/quote/NSANY/history?period1=322790400&period2=1620604800&interval=1mo&filter=history&frequency=1mo&includeAdjustedClose=true,"Aug 01, 2004",21.17,21.8
1620644602-3648,https://finance.yahoo.com/quote/NSANY/history?period1=322790400&period2=1620604800&interval=1mo&filter=history&frequency=1mo&includeAdjustedClose=true,"Jun 01, 1997",13.88,15.75
1620644602-3381,https://finance.yahoo.com/quote/NSANY/history?period1=322790400&period2=1620604800&interval=1mo&filter=history&frequency=1mo&includeAdjustedClose=true,"Nov 01, 2017",19.35,19.46
1620644602-3719,https://finance.yahoo.com/quote/NSANY/history?period1=322790400&period2=1620604800&interval=1mo&filter=history&frequency=1mo&includeAdjustedClose=true,"Feb 01, 1992",10.25,9.63
1620644602-3675,https://finance.yahoo.com/quote/NSANY/history?period1=322790400&period2=1620604800&interval=1mo&filter=history&frequency=1mo&includeAdjustedClose=true,"Jun 01, 1995",13,13
1620644602-3479,https://finance.yahoo.com/quote/NSANY/history?period1=322790400&period2=1620604800&interval=1mo&filter=history&frequency=1mo&includeAdjustedClose=true,"Oct 01, 2009",13.25,14.5
1620644602-3463,https://finance.yahoo.com/quote/NSANY/history?period1=322790400&period2=1620604800&interval=1mo&filter=history&frequency=1mo&includeAdjustedClose=true,"Feb 01, 2011",20.36,20.4
1620644602-3428,https://finance.yahoo.com/quote/NSANY/history?period1=322790400&period2=1620604800&interval=1mo&filter=history&frequency=1mo&includeAdjustedClose=true,"Jan 01, 2014",16.78,17.19
1620644602-3763,https://finance.yahoo.com/quote/NSANY/history?period1=322790400&period2=1620604800&interval=1mo&filter=history&frequency=1mo&includeAdjustedClose=true,"Dec 01, 1988",0,19.25
1620644602-3786,https://finance.yahoo.com/quote/NSANY/history?period1=322790400&period2=1620604800&interval=1mo&filter=history&frequency=1mo&includeAdjustedClose=true,"Apr 01, 1987",0,10.63
1620644602-3756,https://finance.yahoo.com/quote/NSANY/history?period1=322790400&period2=1620604800&interval=1mo&filter=history&frequency=1mo&includeAdjustedClose=true,"Jun 01, 1989",0,21.25
1620644602-3723,https://finance.yahoo.com/quote/NSANY/history?period1=322790400&period2=1620604800&interval=1mo&filter=history&frequency=1mo&includeAdjustedClose=true,"Oct 01, 1991",10.38,10.5
1620644602-3761,https://finance.yahoo.com/quote/NSANY/history?period1=322790400&period2=1620604800&interval=1mo&filter=history&frequency=1mo&includeAdjustedClose=true,"Feb 01, 1989",0,24
1620644602-3500,https://finance.yahoo.com/quote/NSANY/history?period1=322790400&period2=1620604800&interval=1mo&filter=history&frequency=1mo&includeAdjustedClose=true,"Feb 01, 2008",19.22,18
1620644602-3446,https://finance.yahoo.com/quote/NSANY/history?period1=322790400&period2=1620604800&interval=1mo&filter=history&frequency=1mo&includeAdjustedClose=true,"Jul 01, 2012",18.79,18.79
1620644602-3421,https://finance.yahoo.com/quote/NSANY/history?period1=322790400&period2=1620604800&interval=1mo&filter=history&frequency=1mo&includeAdjustedClose=true,"Jul 01, 2014",19.15,19.66
1620644602-3364,https://finance.yahoo.com/quote/NSANY/history?period1=322790400&period2=1620604800&interval=1mo&filter=history&frequency=1mo&includeAdjustedClose=true,"Apr 01, 2019",16.71,16.04
1620644602-3452,https://finance.yahoo.com/quote/NSANY/history?period1=322790400&period2=1620604800&interval=1mo&filter=history&frequency=1mo&includeAdjustedClose=true,"Jan 01, 2012",18.29,18.8
1620644602-3725,https://finance.yahoo.com/quote/NSANY/history?period1=322790400&period2=1620604800&interval=1mo&filter=history&frequency=1mo&includeAdjustedClose=true,"Sep 01, 1991",0,10.38
1620644602-3375,https://finance.yahoo.com/quote/NSANY/history?period1=322790400&period2=1620604800&interval=1mo&filter=history&frequency=1mo&includeAdjustedClose=true,"May 01, 2018",21.08,19.84
1620644602-3560,https://finance.yahoo.com/quote/NSANY/history?period1=322790400&period2=1620604800&interval=1mo&filter=history&frequency=1mo&includeAdjustedClose=true,"Oct 01, 2003",21.62,22.61
1620644602-3663,https://finance.yahoo.com/quote/NSANY/history?period1=322790400&period2=1620604800&interval=1mo&filter=history&frequency=1mo&includeAdjustedClose=true,"Apr 01, 1996",15.88,16.63
1620644602-3403,https://finance.yahoo.com/quote/NSANY/history?period1=322790400&period2=1620604800&interval=1mo&filter=history&frequency=1mo&includeAdjustedClose=true,"Jan 01, 2016",20.37,19.78
1620644602-3476,https://finance.yahoo.com/quote/NSANY/history?period1=322790400&period2=1620604800&interval=1mo&filter=history&frequency=1mo&includeAdjustedClose=true,"Jan 01, 2010",17.65,16.34
1620644602-3660,https://finance.yahoo.com/quote/NSANY/history?period1=322790400&period2=1620604800&interval=1mo&filter=history&frequency=1mo&includeAdjustedClose=true,"Jul 01, 1996",17.88,16.13
1620644602-3487,https://finance.yahoo.com/quote/NSANY/history?period1=322790400&period2=1620604800&interval=1mo&filter=history&frequency=1mo&includeAdjustedClose=true,"Feb 01, 2009",5.86,6.06
1620644602-3464,https://finance.yahoo.com/quote/NSANY/history?period1=322790400&period2=1620604800&interval=1mo&filter=history&frequency=1mo&includeAdjustedClose=true,"Jan 01, 2011",19,20.35
1620644602-3504,https://finance.yahoo.com/quote/NSANY/history?period1=322790400&period2=1620604800&interval=1mo&filter=history&frequency=1mo&includeAdjustedClose=true,"Oct 01, 2007",20.02,23.03
1620644602-3643,https://finance.yahoo.com/quote/NSANY/history?period1=322790400&period2=1620604800&interval=1mo&filter=history&frequency=1mo&includeAdjustedClose=true,"Oct 01, 1997",12.13,10.5
1620644602-3750,https://finance.yahoo.com/quote/NSANY/history?period1=322790400&period2=1620604800&interval=1mo&filter=history&frequency=1mo&includeAdjustedClose=true,"Nov 01, 1989",0,21.5
1620644602-3654,https://finance.yahoo.com/quote/NSANY/history?period1=322790400&period2=1620604800&interval=1mo&filter=history&frequency=1mo&includeAdjustedClose=true,"Dec 01, 1996",13.75,11.88
1620644602-3481,https://finance.yahoo.com/quote/NSANY/history?period1=322790400&period2=1620604800&interval=1mo&filter=history&frequency=1mo&includeAdjustedClose=true,"Aug 01, 2009",15.35,13.95
1620644602-3638,https://finance.yahoo.com/quote/NSANY/history?period1=322790400&period2=1620604800&interval=1mo&filter=history&frequency=1mo&includeAdjustedClose=true,"Mar 01, 1998",8.75,7.94
1620644602-3651,https://finance.yahoo.com/quote/NSANY/history?period1=322790400&period2=1620604800&interval=1mo&filter=history&frequency=1mo&includeAdjustedClose=true,"Mar 01, 1997",12.13,11.88
1620644602-3659,https://finance.yahoo.com/quote/NSANY/history?period1=322790400&period2=1620604800&interval=1mo&filter=history&frequency=1mo&includeAdjustedClose=true,"Aug 01, 1996",16.5,14.88
1620644602-3531,https://finance.yahoo.com/quote/NSANY/history?period1=322790400&period2=1620604800&interval=1mo&filter=history&frequency=1mo&includeAdjustedClose=true,"Nov 01, 2005",20.9,20.51
1620644602-3697,https://finance.yahoo.com/quote/NSANY/history?period1=322790400&period2=1620604800&interval=1mo&filter=history&frequency=1mo&includeAdjustedClose=true,"Oct 01, 1993",13.38,13.88
1620644602-3682,https://finance.yahoo.com/quote/NSANY/history?period1=322790400&period2=1620604800&interval=1mo&filter=history&frequency=1mo&includeAdjustedClose=true,"Dec 01, 1994",16.75,16.5
1620644602-3468,https://finance.yahoo.com/quote/NSANY/history?period1=322790400&period2=1620604800&interval=1mo&filter=history&frequency=1mo&includeAdjustedClose=true,"Sep 01, 2010",15.3,17.48
1620644602-3566,https://finance.yahoo.com/quote/NSANY/history?period1=322790400&period2=1620604800&interval=1mo&filter=history&frequency=1mo&includeAdjustedClose=true,"May 01, 2003",15.31,15.85
1620644602-3378,https://finance.yahoo.com/quote/NSANY/history?period1=322790400&period2=1620604800&interval=1mo&filter=history&frequency=1mo&includeAdjustedClose=true,"Feb 01, 2018",20.87,20.96
1620644602-3368,https://finance.yahoo.com/quote/NSANY/history?period1=322790400&period2=1620604800&interval=1mo&filter=history&frequency=1mo&includeAdjustedClose=true,"Dec 01, 2018",17.75,15.94
1620644602-3807,https://finance.yahoo.com/quote/NSANY/history?period1=322790400&period2=1620604800&interval=1mo&filter=history&frequency=1mo&includeAdjustedClose=true,"Aug 01, 1985",0,5.25
1620644602-3656,https://finance.yahoo.com/quote/NSANY/history?period1=322790400&period2=1620604800&interval=1mo&filter=history&frequency=1mo&includeAdjustedClose=true,"Oct 01, 1996",16.5,15
1620644602-3621,https://finance.yahoo.com/quote/NSANY/history?period1=322790400&period2=1620604800&interval=1mo&filter=history&frequency=1mo&includeAdjustedClose=true,"May 01, 1999",7.41,8.59
1620644602-3434,https://finance.yahoo.com/quote/NSANY/history?period1=322790400&period2=1620604800&interval=1mo&filter=history&frequency=1mo&includeAdjustedClose=true,"Jul 01, 2013",20.53,20.9
1620644602-3427,https://finance.yahoo.com/quote/NSANY/history?period1=322790400&period2=1620604800&interval=1mo&filter=history&frequency=1mo&includeAdjustedClose=true,"Feb 01, 2014",17.18,17.91
1620644602-3712,https://finance.yahoo.com/quote/NSANY/history?period1=322790400&period2=1620604800&interval=1mo&filter=history&frequency=1mo&includeAdjustedClose=true,"Aug 01, 1992",9.13,9.38
1620644602-3635,https://finance.yahoo.com/quote/NSANY/history?period1=322790400&period2=1620604800&interval=1mo&filter=history&frequency=1mo&includeAdjustedClose=true,"May 01, 1998",6.5,6.25
1620644602-3642,https://finance.yahoo.com/quote/NSANY/history?period1=322790400&period2=1620604800&interval=1mo&filter=history&frequency=1mo&includeAdjustedClose=true,"Nov 01, 1997",10.5,9.06
1620644602-3625,https://finance.yahoo.com/quote/NSANY/history?period1=322790400&period2=1620604800&interval=1mo&filter=history&frequency=1mo&includeAdjustedClose=true,"Feb 01, 1999",7.38,7.66
1620644602-3350,https://finance.yahoo.com/quote/NSANY/history?period1=322790400&period2=1620604800&interval=1mo&filter=history&frequency=1mo&includeAdjustedClose=true,"Jun 01, 2020",7.85,7.39
1620644602-3593,https://finance.yahoo.com/quote/NSANY/history?period1=322790400&period2=1620604800&interval=1mo&filter=history&frequency=1mo&includeAdjustedClose=true,"May 01, 2001",14,13.5
1620644602-3696,https://finance.yahoo.com/quote/NSANY/history?period1=322790400&period2=1620604800&interval=1mo&filter=history&frequency=1mo&includeAdjustedClose=true,"Nov 01, 1993",13.75,13
1620644602-3470,https://finance.yahoo.com/quote/NSANY/history?period1=322790400&period2=1620604800&interval=1mo&filter=history&frequency=1mo&includeAdjustedClose=true,"Jul 01, 2010",13.7,15.17
1620644602-3789,https://finance.yahoo.com/quote/NSANY/history?period1=322790400&period2=1620604800&interval=1mo&filter=history&frequency=1mo&includeAdjustedClose=true,"Feb 01, 1987",0,7.75
1620644602-3775,https://finance.yahoo.com/quote/NSANY/history?period1=322790400&period2=1620604800&interval=1mo&filter=history&frequency=1mo&includeAdjustedClose=true,"Feb 01, 1988",12.13,13.13
1620644602-3482,https://finance.yahoo.com/quote/NSANY/history?period1=322790400&period2=1620604800&interval=1mo&filter=history&frequency=1mo&includeAdjustedClose=true,"Jul 01, 2009",12,14.49
1620644602-3480,https://finance.yahoo.com/quote/NSANY/history?period1=322790400&period2=1620604800&interval=1mo&filter=history&frequency=1mo&includeAdjustedClose=true,"Sep 01, 2009",14,13.33
1620644602-3348,https://finance.yahoo.com/quote/NSANY/history?period1=322790400&period2=1620604800&interval=1mo&filter=history&frequency=1mo&includeAdjustedClose=true,"Aug 01, 2020",6.77,8.08
1620644602-3733,https://finance.yahoo.com/quote/NSANY/history?period1=322790400&period2=1620604800&interval=1mo&filter=history&frequency=1mo&includeAdjustedClose=true,"Feb 01, 1991",0,12
1620644602-3707,https://finance.yahoo.com/quote/NSANY/history?period1=322790400&period2=1620604800&interval=1mo&filter=history&frequency=1mo&includeAdjustedClose=true,"Jan 01, 1993",9.25,10
1620644602-3599,https://finance.yahoo.com/quote/NSANY/history?period1=322790400&period2=1620604800&interval=1mo&filter=history&frequency=1mo&includeAdjustedClose=true,"Dec 01, 2000",12.63,11
1620644602-3422,https://finance.yahoo.com/quote/NSANY/history?period1=322790400&period2=1620604800&interval=1mo&filter=history&frequency=1mo&includeAdjustedClose=true,"Jun 01, 2014",18.25,18.97
1620644602-3445,https://finance.yahoo.com/quote/NSANY/history?period1=322790400&period2=1620604800&interval=1mo&filter=history&frequency=1mo&includeAdjustedClose=true,"Aug 01, 2012",18.71,18.67
1620644602-3516,https://finance.yahoo.com/quote/NSANY/history?period1=322790400&period2=1620604800&interval=1mo&filter=history&frequency=1mo&includeAdjustedClose=true,"Dec 01, 2006",24.26,24.27
1620644602-3639,https://finance.yahoo.com/quote/NSANY/history?period1=322790400&period2=1620604800&interval=1mo&filter=history&frequency=1mo&includeAdjustedClose=true,"Feb 01, 1998",8.63,8.88
1620644602-3574,https://finance.yahoo.com/quote/NSANY/history?period1=322790400&period2=1620604800&interval=1mo&filter=history&frequency=1mo&includeAdjustedClose=true,"Oct 01, 2002",14.7,15.3
1620644602-3608,https://finance.yahoo.com/quote/NSANY/history?period1=322790400&period2=1620604800&interval=1mo&filter=history&frequency=1mo&includeAdjustedClose=true,"Apr 01, 2000",8,9
1620644602-3459,https://finance.yahoo.com/quote/NSANY/history?period1=322790400&period2=1620604800&interval=1mo&filter=history&frequency=1mo&includeAdjustedClose=true,"Jun 01, 2011",19.83,21.05
1620644602-3515,https://finance.yahoo.com/quote/NSANY/history?period1=322790400&period2=1620604800&interval=1mo&filter=history&frequency=1mo&includeAdjustedClose=true,"Jan 01, 2007",24.38,24.99
1620644602-3722,https://finance.yahoo.com/quote/NSANY/history?period1=322790400&period2=1620604800&interval=1mo&filter=history&frequency=1mo&includeAdjustedClose=true,"Nov 01, 1991",0,10
1620644602-3708,https://finance.yahoo.com/quote/NSANY/history?period1=322790400&period2=1620604800&interval=1mo&filter=history&frequency=1mo&includeAdjustedClose=true,"Dec 01, 1992",9.13,9.25
1620644602-3779,https://finance.yahoo.com/quote/NSANY/history?period1=322790400&period2=1620604800&interval=1mo&filter=history&frequency=1mo&includeAdjustedClose=true,"Oct 01, 1987",0,10.13
1620644602-3628,https://finance.yahoo.com/quote/NSANY/history?period1=322790400&period2=1620604800&interval=1mo&filter=history&frequency=1mo&includeAdjustedClose=true,"Nov 01, 1998",5.5,5.88
1620644602-3799,https://finance.yahoo.com/quote/NSANY/history?period1=322790400&period2=1620604800&interval=1mo&filter=history&frequency=1mo&includeAdjustedClose=true,"Apr 01, 1986",0,6.75
1620644602-3811,https://finance.yahoo.com/quote/NSANY/history?period1=322790400&period2=1620604800&interval=1mo&filter=history&frequency=1mo&includeAdjustedClose=true,"Apr 01, 1985",0,4.88
1620644602-3506,https://finance.yahoo.com/quote/NSANY/history?period1=322790400&period2=1620604800&interval=1mo&filter=history&frequency=1mo&includeAdjustedClose=true,"Sep 01, 2007",18.94,20.01
1620644602-3581,https://finance.yahoo.com/quote/NSANY/history?period1=322790400&period2=1620604800&interval=1mo&filter=history&frequency=1mo&includeAdjustedClose=true,"Apr 01, 2002",14.4,15.58
1620644602-3525,https://finance.yahoo.com/quote/NSANY/history?period1=322790400&period2=1620604800&interval=1mo&filter=history&frequency=1mo&includeAdjustedClose=true,"Apr 01, 2006",23.57,26.33
1620644602-3584,https://finance.yahoo.com/quote/NSANY/history?period1=322790400&period2=1620604800&interval=1mo&filter=history&frequency=1mo&includeAdjustedClose=true,"Feb 01, 2002",10.74,12.83
1620644602-3386,https://finance.yahoo.com/quote/NSANY/history?period1=322790400&period2=1620604800&interval=1mo&filter=history&frequency=1mo&includeAdjustedClose=true,"Jun 01, 2017",19.3,19.99
1620644602-3784,https://finance.yahoo.com/quote/NSANY/history?period1=322790400&period2=1620604800&interval=1mo&filter=history&frequency=1mo&includeAdjustedClose=true,"Jun 01, 1987",0,9.75
1620644602-3538,https://finance.yahoo.com/quote/NSANY/history?period1=322790400&period2=1620604800&interval=1mo&filter=history&frequency=1mo&includeAdjustedClose=true,"May 01, 2005",19.86,19.66
1620644602-3647,https://finance.yahoo.com/quote/NSANY/history?period1=322790400&period2=1620604800&interval=1mo&filter=history&frequency=1mo&includeAdjustedClose=true,"Jul 01, 1997",15.13,14
1620644602-3444,https://finance.yahoo.com/quote/NSANY/history?period1=322790400&period2=1620604800&interval=1mo&filter=history&frequency=1mo&includeAdjustedClose=true,"Sep 01, 2012",18.92,17.03
1620644602-3453,https://finance.yahoo.com/quote/NSANY/history?period1=322790400&period2=1620604800&interval=1mo&filter=history&frequency=1mo&includeAdjustedClose=true,"Dec 01, 2011",17.88,17.78
1620644602-3727,https://finance.yahoo.com/quote/NSANY/history?period1=322790400&period2=1620604800&interval=1mo&filter=history&frequency=1mo&includeAdjustedClose=true,"Jul 01, 1991",0,10.63
1620644602-3365,https://finance.yahoo.com/quote/NSANY/history?period1=322790400&period2=1620604800&interval=1mo&filter=history&frequency=1mo&includeAdjustedClose=true,"Mar 01, 2019",17.27,16.42
1620644602-3402,https://finance.yahoo.com/quote/NSANY/history?period1=322790400&period2=1620604800&interval=1mo&filter=history&frequency=1mo&includeAdjustedClose=true,"Feb 01, 2016",19.75,18.09
1620644602-3689,https://finance.yahoo.com/quote/NSANY/history?period1=322790400&period2=1620604800&interval=1mo&filter=history&frequency=1mo&includeAdjustedClose=true,"Jun 01, 1994",17.25,17.75
1620644602-3614,https://finance.yahoo.com/quote/NSANY/history?period1=322790400&period2=1620604800&interval=1mo&filter=history&frequency=1mo&includeAdjustedClose=true,"Nov 01, 1999",12.06,9.44
1620644602-3460,https://finance.yahoo.com/quote/NSANY/history?period1=322790400&period2=1620604800&interval=1mo&filter=history&frequency=1mo&includeAdjustedClose=true,"May 01, 2011",19.39,19.99
1620644602-3746,https://finance.yahoo.com/quote/NSANY/history?period1=322790400&period2=1620604800&interval=1mo&filter=history&frequency=1mo&includeAdjustedClose=true,"Mar 01, 1990",0,13
1620644602-3687,https://finance.yahoo.com/quote/NSANY/history?period1=322790400&period2=1620604800&interval=1mo&filter=history&frequency=1mo&includeAdjustedClose=true,"Aug 01, 1994",15.5,15.25
1620644602-3578,https://finance.yahoo.com/quote/NSANY/history?period1=322790400&period2=1620604800&interval=1mo&filter=history&frequency=1mo&includeAdjustedClose=true,"Jul 01, 2002",13.87,14.12
1620644602-3457,https://finance.yahoo.com/quote/NSANY/history?period1=322790400&period2=1620604800&interval=1mo&filter=history&frequency=1mo&includeAdjustedClose=true,"Aug 01, 2011",21.54,18.39
1620644602-3502,https://finance.yahoo.com/quote/NSANY/history?period1=322790400&period2=1620604800&interval=1mo&filter=history&frequency=1mo&includeAdjustedClose=true,"Dec 01, 2007",22.58,21.72
1620644602-3508,https://finance.yahoo.com/quote/NSANY/history?period1=322790400&period2=1620604800&interval=1mo&filter=history&frequency=1mo&includeAdjustedClose=true,"Jul 01, 2007",21.74,21.31
1620644602-3688,https://finance.yahoo.com/quote/NSANY/history?period1=322790400&period2=1620604800&interval=1mo&filter=history&frequency=1mo&includeAdjustedClose=true,"Jul 01, 1994",17.63,15.25
1620644602-3384,https://finance.yahoo.com/quote/NSANY/history?period1=322790400&period2=1620604800&interval=1mo&filter=history&frequency=1mo&includeAdjustedClose=true,"Aug 01, 2017",19.9,19.99
1620644602-3676,https://finance.yahoo.com/quote/NSANY/history?period1=322790400&period2=1620604800&interval=1mo&filter=history&frequency=1mo&includeAdjustedClose=true,"May 01, 1995",14.5,12.75
1620644602-3808,https://finance.yahoo.com/quote/NSANY/history?period1=322790400&period2=1620604800&interval=1mo&filter=history&frequency=1mo&includeAdjustedClose=true,"Jul 01, 1985",0,5.25
1620644602-3393,https://finance.yahoo.com/quote/NSANY/history?period1=322790400&period2=1620604800&interval=1mo&filter=history&frequency=1mo&includeAdjustedClose=true,"Nov 01, 2016",20.19,18.97
1620644602-3701,https://finance.yahoo.com/quote/NSANY/history?period1=322790400&period2=1620604800&interval=1mo&filter=history&frequency=1mo&includeAdjustedClose=true,"Jun 01, 1993",14,12.63
1620644602-3726,https://finance.yahoo.com/quote/NSANY/history?period1=322790400&period2=1620604800&interval=1mo&filter=history&frequency=1mo&includeAdjustedClose=true,"Aug 01, 1991",0,9.75
1620644602-3358,https://finance.yahoo.com/quote/NSANY/history?period1=322790400&period2=1620604800&interval=1mo&filter=history&frequency=1mo&includeAdjustedClose=true,"Oct 01, 2019",12.56,12.55
1620644602-3721,https://finance.yahoo.com/quote/NSANY/history?period1=322790400&period2=1620604800&interval=1mo&filter=history&frequency=1mo&includeAdjustedClose=true,"Dec 01, 1991",0,10.25
1620644602-3497,https://finance.yahoo.com/quote/NSANY/history?period1=322790400&period2=1620604800&interval=1mo&filter=history&frequency=1mo&includeAdjustedClose=true,"Apr 01, 2008",16.74,17.73
1620644602-3576,https://finance.yahoo.com/quote/NSANY/history?period1=322790400&period2=1620604800&interval=1mo&filter=history&frequency=1mo&includeAdjustedClose=true,"Sep 01, 2002",14.48,14.68
1620644602-3433,https://finance.yahoo.com/quote/NSANY/history?period1=322790400&period2=1620604800&interval=1mo&filter=history&frequency=1mo&includeAdjustedClose=true,"Aug 01, 2013",21.18,19.83
1620644602-3615,https://finance.yahoo.com/quote/NSANY/history?period1=322790400&period2=1620604800&interval=1mo&filter=history&frequency=1mo&includeAdjustedClose=true,"Oct 01, 1999",12.28,11.94
1620644602-3812,https://finance.yahoo.com/quote/NSANY/history?period1=322790400&period2=1620604800&interval=1mo&filter=history&frequency=1mo&includeAdjustedClose=true,"Mar 01, 1985",4.63,5.13
1620644602-3590,https://finance.yahoo.com/quote/NSANY/history?period1=322790400&period2=1620604800&interval=1mo&filter=history&frequency=1mo&includeAdjustedClose=true,"Aug 01, 2001",13.75,11.6
1620644602-3436,https://finance.yahoo.com/quote/NSANY/history?period1=322790400&period2=1620604800&interval=1mo&filter=history&frequency=1mo&includeAdjustedClose=true,"May 01, 2013",20.5,21.74
1620644602-3366,https://finance.yahoo.com/quote/NSANY/history?period1=322790400&period2=1620604800&interval=1mo&filter=history&frequency=1mo&includeAdjustedClose=true,"Feb 01, 2019",17.02,17.29
1620644602-3447,https://finance.yahoo.com/quote/NSANY/history?period1=322790400&period2=1620604800&interval=1mo&filter=history&frequency=1mo&includeAdjustedClose=true,"Jun 01, 2012",18.5,19
1620644602-3396,https://finance.yahoo.com/quote/NSANY/history?period1=322790400&period2=1620604800&interval=1mo&filter=history&frequency=1mo&includeAdjustedClose=true,"Aug 01, 2016",19.56,19.6
1620644602-3604,https://finance.yahoo.com/quote/NSANY/history?period1=322790400&period2=1620604800&interval=1mo&filter=history&frequency=1mo&includeAdjustedClose=true,"Aug 01, 2000",9.91,9.88
1620644602-3693,https://finance.yahoo.com/quote/NSANY/history?period1=322790400&period2=1620604800&interval=1mo&filter=history&frequency=1mo&includeAdjustedClose=true,"Feb 01, 1994",15,16.5
1620644602-3562,https://finance.yahoo.com/quote/NSANY/history?period1=322790400&period2=1620604800&interval=1mo&filter=history&frequency=1mo&includeAdjustedClose=true,"Sep 01, 2003",21.95,21.73
1620644602-3586,https://finance.yahoo.com/quote/NSANY/history?period1=322790400&period2=1620604800&interval=1mo&filter=history&frequency=1mo&includeAdjustedClose=true,"Dec 01, 2001",9.75,10.86
1620644602-3583,https://finance.yahoo.com/quote/NSANY/history?period1=322790400&period2=1620604800&interval=1mo&filter=history&frequency=1mo&includeAdjustedClose=true,"Mar 01, 2002",13,14.36
1620644602-3539,https://finance.yahoo.com/quote/NSANY/history?period1=322790400&period2=1620604800&interval=1mo&filter=history&frequency=1mo&includeAdjustedClose=true,"Apr 01, 2005",20.44,19.65
1620644602-3632,https://finance.yahoo.com/quote/NSANY/history?period1=322790400&period2=1620604800&interval=1mo&filter=history&frequency=1mo&includeAdjustedClose=true,"Aug 01, 1998",6.38,4.94
1620644602-3371,https://finance.yahoo.com/quote/NSANY/history?period1=322790400&period2=1620604800&interval=1mo&filter=history&frequency=1mo&includeAdjustedClose=true,"Sep 01, 2018",18.74,18.7
1620644602-3493,https://finance.yahoo.com/quote/NSANY/history?period1=322790400&period2=1620604800&interval=1mo&filter=history&frequency=1mo&includeAdjustedClose=true,"Aug 01, 2008",14.65,15.15
1620644602-3563,https://finance.yahoo.com/quote/NSANY/history?period1=322790400&period2=1620604800&interval=1mo&filter=history&frequency=1mo&includeAdjustedClose=true,"Aug 01, 2003",19.65,21.76
1620644602-3529,https://finance.yahoo.com/quote/NSANY/history?period1=322790400&period2=1620604800&interval=1mo&filter=history&frequency=1mo&includeAdjustedClose=true,"Jan 01, 2006",20.6,22.35
1620644602-3398,https://finance.yahoo.com/quote/NSANY/history?period1=322790400&period2=1620604800&interval=1mo&filter=history&frequency=1mo&includeAdjustedClose=true,"Jun 01, 2016",20.11,17.96
1620644602-3755,https://finance.yahoo.com/quote/NSANY/history?period1=322790400&period2=1620604800&interval=1mo&filter=history&frequency=1mo&includeAdjustedClose=true,"Jul 01, 1989",0,22.25
1620644602-3419,https://finance.yahoo.com/quote/NSANY/history?period1=322790400&period2=1620604800&interval=1mo&filter=history&frequency=1mo&includeAdjustedClose=true,"Sep 01, 2014",19.21,19.36
1620644602-3700,https://finance.yahoo.com/quote/NSANY/history?period1=322790400&period2=1620604800&interval=1mo&filter=history&frequency=1mo&includeAdjustedClose=true,"Jul 01, 1993",12.63,13.88
1620644602-3653,https://finance.yahoo.com/quote/NSANY/history?period1=322790400&period2=1620604800&interval=1mo&filter=history&frequency=1mo&includeAdjustedClose=true,"Jan 01, 1997",11.75,12.5
1620644602-3553,https://finance.yahoo.com/quote/NSANY/history?period1=322790400&period2=1620604800&interval=1mo&filter=history&frequency=1mo&includeAdjustedClose=true,"Apr 01, 2004",22,21.91
1620644602-3702,https://finance.yahoo.com/quote/NSANY/history?period1=322790400&period2=1620604800&interval=1mo&filter=history&frequency=1mo&includeAdjustedClose=true,"May 01, 1993",15,14.25
1620644602-3520,https://finance.yahoo.com/quote/NSANY/history?period1=322790400&period2=1620604800&interval=1mo&filter=history&frequency=1mo&includeAdjustedClose=true,"Sep 01, 2006",22.88,22.46
1620644602-3626,https://finance.yahoo.com/quote/NSANY/history?period1=322790400&period2=1620604800&interval=1mo&filter=history&frequency=1mo&includeAdjustedClose=true,"Jan 01, 1999",6.19,7.31
1620644602-3471,https://finance.yahoo.com/quote/NSANY/history?period1=322790400&period2=1620604800&interval=1mo&filter=history&frequency=1mo&includeAdjustedClose=true,"Jun 01, 2010",14.3,13.86
1620644602-3357,https://finance.yahoo.com/quote/NSANY/history?period1=322790400&period2=1620604800&interval=1mo&filter=history&frequency=1mo&includeAdjustedClose=true,"Nov 01, 2019",12.89,12.32
1620644602-3369,https://finance.yahoo.com/quote/NSANY/history?period1=322790400&period2=1620604800&interval=1mo&filter=history&frequency=1mo&includeAdjustedClose=true,"Nov 01, 2018",18.18,17.46
1620644602-3691,https://finance.yahoo.com/quote/NSANY/history?period1=322790400&period2=1620604800&interval=1mo&filter=history&frequency=1mo&includeAdjustedClose=true,"Apr 01, 1994",16,16.63
1620644602-3802,https://finance.yahoo.com/quote/NSANY/history?period1=322790400&period2=1620604800&interval=1mo&filter=history&frequency=1mo&includeAdjustedClose=true,"Jan 01, 1986",0,5.75
1620644602-3340,https://finance.yahoo.com/quote/NSANY/history?period1=322790400&period2=1620604800&interval=1mo&filter=history&frequency=1mo&includeAdjustedClose=true,"Apr 01, 2021",10.7,10.04
1620644602-3461,https://finance.yahoo.com/quote/NSANY/history?period1=322790400&period2=1620604800&interval=1mo&filter=history&frequency=1mo&includeAdjustedClose=true,"Apr 01, 2011",17.46,19.17
1620644602-3441,https://finance.yahoo.com/quote/NSANY/history?period1=322790400&period2=1620604800&interval=1mo&filter=history&frequency=1mo&includeAdjustedClose=true,"Dec 01, 2012",19.55,19.09
1620644602-3559,https://finance.yahoo.com/quote/NSANY/history?period1=322790400&period2=1620604800&interval=1mo&filter=history&frequency=1mo&includeAdjustedClose=true,"Nov 01, 2003",22.51,22.78
1620644602-3737,https://finance.yahoo.com/quote/NSANY/history?period1=322790400&period2=1620604800&interval=1mo&filter=history&frequency=1mo&includeAdjustedClose=true,"Oct 01, 1990",0,12.25
1620644602-3652,https://finance.yahoo.com/quote/NSANY/history?period1=322790400&period2=1620604800&interval=1mo&filter=history&frequency=1mo&includeAdjustedClose=true,"Feb 01, 1997",12.38,11.75
1620644602-3494,https://finance.yahoo.com/quote/NSANY/history?period1=322790400&period2=1620604800&interval=1mo&filter=history&frequency=1mo&includeAdjustedClose=true,"Jul 01, 2008",16.2,15.31
1620644602-3594,https://finance.yahoo.com/quote/NSANY/history?period1=322790400&period2=1620604800&interval=1mo&filter=history&frequency=1mo&includeAdjustedClose=true,"Apr 01, 2001",12.88,13.95
1620644602-3342,https://finance.yahoo.com/quote/NSANY/history?period1=322790400&period2=1620604800&interval=1mo&filter=history&frequency=1mo&includeAdjustedClose=true,"Feb 01, 2021",10.16,10.99
1620644602-3645,https://finance.yahoo.com/quote/NSANY/history?period1=322790400&period2=1620604800&interval=1mo&filter=history&frequency=1mo&includeAdjustedClose=true,"Sep 01, 1997",12.25,12.13
1620644602-3521,https://finance.yahoo.com/quote/NSANY/history?period1=322790400&period2=1620604800&interval=1mo&filter=history&frequency=1mo&includeAdjustedClose=true,"Aug 01, 2006",21.36,22.77
1620644602-3507,https://finance.yahoo.com/quote/NSANY/history?period1=322790400&period2=1620604800&interval=1mo&filter=history&frequency=1mo&includeAdjustedClose=true,"Aug 01, 2007",21.01,19.1
1620644602-3488,https://finance.yahoo.com/quote/NSANY/history?period1=322790400&period2=1620604800&interval=1mo&filter=history&frequency=1mo&includeAdjustedClose=true,"Jan 01, 2009",7.22,5.98
1620644602-3420,https://finance.yahoo.com/quote/NSANY/history?period1=322790400&period2=1620604800&interval=1mo&filter=history&frequency=1mo&includeAdjustedClose=true,"Aug 01, 2014",19.73,19.21
1620644602-3448,https://finance.yahoo.com/quote/NSANY/history?period1=322790400&period2=1620604800&interval=1mo&filter=history&frequency=1mo&includeAdjustedClose=true,"May 01, 2012",20.04,19.12
1620644602-3666,https://finance.yahoo.com/quote/NSANY/history?period1=322790400&period2=1620604800&interval=1mo&filter=history&frequency=1mo&includeAdjustedClose=true,"Feb 01, 1996",16,15.63
1620644602-3791,https://finance.yahoo.com/quote/NSANY/history?period1=322790400&period2=1620604800&interval=1mo&filter=history&frequency=1mo&includeAdjustedClose=true,"Dec 01, 1986",0,6.75
1620644602-3475,https://finance.yahoo.com/quote/NSANY/history?period1=322790400&period2=1620604800&interval=1mo&filter=history&frequency=1mo&includeAdjustedClose=true,"Feb 01, 2010",15.95,15.78
1620644602-3407,https://finance.yahoo.com/quote/NSANY/history?period1=322790400&period2=1620604800&interval=1mo&filter=history&frequency=1mo&includeAdjustedClose=true,"Sep 01, 2015",17.1,18.57
1620644602-3800,https://finance.yahoo.com/quote/NSANY/history?period1=322790400&period2=1620604800&interval=1mo&filter=history&frequency=1mo&includeAdjustedClose=true,"Mar 01, 1986",0,6
1620644602-3728,https://finance.yahoo.com/quote/NSANY/history?period1=322790400&period2=1620604800&interval=1mo&filter=history&frequency=1mo&includeAdjustedClose=true,"Jun 01, 1991",0,10.38
1620644602-3672,https://finance.yahoo.com/quote/NSANY/history?period1=322790400&period2=1620604800&interval=1mo&filter=history&frequency=1mo&includeAdjustedClose=true,"Sep 01, 1995",15,14.25
1620644602-3395,https://finance.yahoo.com/quote/NSANY/history?period1=322790400&period2=1620604800&interval=1mo&filter=history&frequency=1mo&includeAdjustedClose=true,"Sep 01, 2016",19.8,19.64
1620644602-3404,https://finance.yahoo.com/quote/NSANY/history?period1=322790400&period2=1620604800&interval=1mo&filter=history&frequency=1mo&includeAdjustedClose=true,"Dec 01, 2015",21.1,20.99
1620644602-3667,https://finance.yahoo.com/quote/NSANY/history?period1=322790400&period2=1620604800&interval=1mo&filter=history&frequency=1mo&includeAdjustedClose=true,"Jan 01, 1996",15.25,15.63
1620644602-3596,https://finance.yahoo.com/quote/NSANY/history?period1=322790400&period2=1620604800&interval=1mo&filter=history&frequency=1mo&includeAdjustedClose=true,"Mar 01, 2001",12.69,12.69
1620644602-3716,https://finance.yahoo.com/quote/NSANY/history?period1=322790400&period2=1620604800&interval=1mo&filter=history&frequency=1mo&includeAdjustedClose=true,"Apr 01, 1992",0,9.13
1620644602-3558,https://finance.yahoo.com/quote/NSANY/history?period1=322790400&period2=1620604800&interval=1mo&filter=history&frequency=1mo&includeAdjustedClose=true,"Dec 01, 2003",23.68,22.46
1620644602-3758,https://finance.yahoo.com/quote/NSANY/history?period1=322790400&period2=1620604800&interval=1mo&filter=history&frequency=1mo&includeAdjustedClose=true,"Apr 01, 1989",0,22.75
1620644602-3551,https://finance.yahoo.com/quote/NSANY/history?period1=322790400&period2=1620604800&interval=1mo&filter=history&frequency=1mo&includeAdjustedClose=true,"Jun 01, 2004",20.13,22.36
1620644602-3665,https://finance.yahoo.com/quote/NSANY/history?period1=322790400&period2=1620604800&interval=1mo&filter=history&frequency=1mo&includeAdjustedClose=true,"Mar 01, 1996",15.38,15.38
1620644602-3391,https://finance.yahoo.com/quote/NSANY/history?period1=322790400&period2=1620604800&interval=1mo&filter=history&frequency=1mo&includeAdjustedClose=true,"Jan 01, 2017",20.25,19.83
1620644602-3439,https://finance.yahoo.com/quote/NSANY/history?period1=322790400&period2=1620604800&interval=1mo&filter=history&frequency=1mo&includeAdjustedClose=true,"Feb 01, 2013",20.2,20.29
1620644602-3509,https://finance.yahoo.com/quote/NSANY/history?period1=322790400&period2=1620604800&interval=1mo&filter=history&frequency=1mo&includeAdjustedClose=true,"Jun 01, 2007",21.88,21.44
1620644602-3813,https://finance.yahoo.com/quote/NSANY/history?period1=322790400&period2=1620604800&interval=1mo&filter=history&frequency=1mo&includeAdjustedClose=true,"Feb 01, 1985",0,4.63
