web-scraper-order,web-scraper-start-url,Date,Open,Close*
"1615856075-1913","https://finance.yahoo.com/quote/NFLX/history?period1=1577836800&period2=1615766400&interval=1d&filter=history&frequency=1d&includeAdjustedClose=true","Jun 23, 2020","466.50","466.26"
"1615856075-1870","https://finance.yahoo.com/quote/NFLX/history?period1=1577836800&period2=1615766400&interval=1d&filter=history&frequency=1d&includeAdjustedClose=true","Aug 24, 2020","495.44","488.81"
"1615856075-1962","https://finance.yahoo.com/quote/NFLX/history?period1=1577836800&period2=1615766400&interval=1d&filter=history&frequency=1d&includeAdjustedClose=true","Apr 14, 2020","397.50","413.55"
"1615856075-1973","https://finance.yahoo.com/quote/NFLX/history?period1=1577836800&period2=1615766400&interval=1d&filter=history&frequency=1d&includeAdjustedClose=true","Mar 27, 2020","359.09","357.12"
"1615856075-1829","https://finance.yahoo.com/quote/NFLX/history?period1=1577836800&period2=1615766400&interval=1d&filter=history&frequency=1d&includeAdjustedClose=true","Oct 21, 2020","501.03","489.05"
"1615856075-1819","https://finance.yahoo.com/quote/NFLX/history?period1=1577836800&period2=1615766400&interval=1d&filter=history&frequency=1d&includeAdjustedClose=true","Nov 04, 2020","495.36","496.95"
"1615856075-1818","https://finance.yahoo.com/quote/NFLX/history?period1=1577836800&period2=1615766400&interval=1d&filter=history&frequency=1d&includeAdjustedClose=true","Nov 05, 2020","506.56","513.76"
"1615856075-1774","https://finance.yahoo.com/quote/NFLX/history?period1=1577836800&period2=1615766400&interval=1d&filter=history&frequency=1d&includeAdjustedClose=true","Jan 11, 2021","507.84","499.10"
"1615856075-1891","https://finance.yahoo.com/quote/NFLX/history?period1=1577836800&period2=1615766400&interval=1d&filter=history&frequency=1d&includeAdjustedClose=true","Jul 24, 2020","468.77","480.45"
"1615856075-1844","https://finance.yahoo.com/quote/NFLX/history?period1=1577836800&period2=1615766400&interval=1d&filter=history&frequency=1d&includeAdjustedClose=true","Sep 30, 2020","492.57","500.03"
"1615856075-1838","https://finance.yahoo.com/quote/NFLX/history?period1=1577836800&period2=1615766400&interval=1d&filter=history&frequency=1d&includeAdjustedClose=true","Oct 08, 2020","533.48","531.79"
"1615856075-1820","https://finance.yahoo.com/quote/NFLX/history?period1=1577836800&period2=1615766400&interval=1d&filter=history&frequency=1d&includeAdjustedClose=true","Nov 03, 2020","484.93","487.22"
"1615856075-1915","https://finance.yahoo.com/quote/NFLX/history?period1=1577836800&period2=1615766400&interval=1d&filter=history&frequency=1d&includeAdjustedClose=true","Jun 19, 2020","449.12","453.72"
"1615856075-1857","https://finance.yahoo.com/quote/NFLX/history?period1=1577836800&period2=1615766400&interval=1d&filter=history&frequency=1d&includeAdjustedClose=true","Sep 11, 2020","486.49","482.03"
"1615856075-1754","https://finance.yahoo.com/quote/NFLX/history?period1=1577836800&period2=1615766400&interval=1d&filter=history&frequency=1d&includeAdjustedClose=true","Feb 09, 2021","546.00","559.07"
"1615856075-1967","https://finance.yahoo.com/quote/NFLX/history?period1=1577836800&period2=1615766400&interval=1d&filter=history&frequency=1d&includeAdjustedClose=true","Apr 06, 2020","365.22","379.96"
"1615856075-1987","https://finance.yahoo.com/quote/NFLX/history?period1=1577836800&period2=1615766400&interval=1d&filter=history&frequency=1d&includeAdjustedClose=true","Mar 09, 2020","343.86","346.49"
"1615856075-1826","https://finance.yahoo.com/quote/NFLX/history?period1=1577836800&period2=1615766400&interval=1d&filter=history&frequency=1d&includeAdjustedClose=true","Oct 26, 2020","487.03","488.24"
"1615856075-1936","https://finance.yahoo.com/quote/NFLX/history?period1=1577836800&period2=1615766400&interval=1d&filter=history&frequency=1d&includeAdjustedClose=true","May 20, 2020","454.25","447.67"
"1615856075-1787","https://finance.yahoo.com/quote/NFLX/history?period1=1577836800&period2=1615766400&interval=1d&filter=history&frequency=1d&includeAdjustedClose=true","Dec 21, 2020","530.05","528.91"
"1615856075-1904","https://finance.yahoo.com/quote/NFLX/history?period1=1577836800&period2=1615766400&interval=1d&filter=history&frequency=1d&includeAdjustedClose=true","Jul 07, 2020","497.31","493.16"
"1615856075-1788","https://finance.yahoo.com/quote/NFLX/history?period1=1577836800&period2=1615766400&interval=1d&filter=history&frequency=1d&includeAdjustedClose=true","Dec 18, 2020","533.20","534.45"
"1615856075-1958","https://finance.yahoo.com/quote/NFLX/history?period1=1577836800&period2=1615766400&interval=1d&filter=history&frequency=1d&includeAdjustedClose=true","Apr 20, 2020","435.17","437.49"
"1615856075-1979","https://finance.yahoo.com/quote/NFLX/history?period1=1577836800&period2=1615766400&interval=1d&filter=history&frequency=1d&includeAdjustedClose=true","Mar 19, 2020","324.33","332.03"
"1615856075-1980","https://finance.yahoo.com/quote/NFLX/history?period1=1577836800&period2=1615766400&interval=1d&filter=history&frequency=1d&includeAdjustedClose=true","Mar 18, 2020","302.40","315.47"
"1615856075-1927","https://finance.yahoo.com/quote/NFLX/history?period1=1577836800&period2=1615766400&interval=1d&filter=history&frequency=1d&includeAdjustedClose=true","Jun 03, 2020","426.95","421.97"
"1615856075-1845","https://finance.yahoo.com/quote/NFLX/history?period1=1577836800&period2=1615766400&interval=1d&filter=history&frequency=1d&includeAdjustedClose=true","Sep 29, 2020","489.50","493.48"
"1615856075-1970","https://finance.yahoo.com/quote/NFLX/history?period1=1577836800&period2=1615766400&interval=1d&filter=history&frequency=1d&includeAdjustedClose=true","Apr 01, 2020","376.05","364.08"
"1615856075-1735","https://finance.yahoo.com/quote/NFLX/history?period1=1577836800&period2=1615766400&interval=1d&filter=history&frequency=1d&includeAdjustedClose=true","Mar 09, 2021","507.31","506.44"
"1615856075-1835","https://finance.yahoo.com/quote/NFLX/history?period1=1577836800&period2=1615766400&interval=1d&filter=history&frequency=1d&includeAdjustedClose=true","Oct 13, 2020","540.56","554.09"
"1615856075-1756","https://finance.yahoo.com/quote/NFLX/history?period1=1577836800&period2=1615766400&interval=1d&filter=history&frequency=1d&includeAdjustedClose=true","Feb 05, 2021","552.26","550.79"
"1615856075-1823","https://finance.yahoo.com/quote/NFLX/history?period1=1577836800&period2=1615766400&interval=1d&filter=history&frequency=1d&includeAdjustedClose=true","Oct 29, 2020","488.50","504.21"
"1615856075-1770","https://finance.yahoo.com/quote/NFLX/history?period1=1577836800&period2=1615766400&interval=1d&filter=history&frequency=1d&includeAdjustedClose=true","Jan 15, 2021","500.00","497.98"
"1615856075-1992","https://finance.yahoo.com/quote/NFLX/history?period1=1577836800&period2=1615766400&interval=1d&filter=history&frequency=1d&includeAdjustedClose=true","Mar 02, 2020","373.11","381.05"
"1615856075-1760","https://finance.yahoo.com/quote/NFLX/history?period1=1577836800&period2=1615766400&interval=1d&filter=history&frequency=1d&includeAdjustedClose=true","Feb 01, 2021","536.79","539.04"
"1615856075-1796","https://finance.yahoo.com/quote/NFLX/history?period1=1577836800&period2=1615766400&interval=1d&filter=history&frequency=1d&includeAdjustedClose=true","Dec 08, 2020","517.90","512.66"
"1615856075-1843","https://finance.yahoo.com/quote/NFLX/history?period1=1577836800&period2=1615766400&interval=1d&filter=history&frequency=1d&includeAdjustedClose=true","Oct 01, 2020","506.03","527.51"
"1615856075-2007","https://finance.yahoo.com/quote/NFLX/history?period1=1577836800&period2=1615766400&interval=1d&filter=history&frequency=1d&includeAdjustedClose=true","Feb 07, 2020","365.04","366.77"
"1615856075-1872","https://finance.yahoo.com/quote/NFLX/history?period1=1577836800&period2=1615766400&interval=1d&filter=history&frequency=1d&includeAdjustedClose=true","Aug 20, 2020","484.69","497.90"
"1615856075-1798","https://finance.yahoo.com/quote/NFLX/history?period1=1577836800&period2=1615766400&interval=1d&filter=history&frequency=1d&includeAdjustedClose=true","Dec 04, 2020","497.50","498.31"
"1615856075-1837","https://finance.yahoo.com/quote/NFLX/history?period1=1577836800&period2=1615766400&interval=1d&filter=history&frequency=1d&includeAdjustedClose=true","Oct 09, 2020","537.83","539.44"
"1615856075-1750","https://finance.yahoo.com/quote/NFLX/history?period1=1577836800&period2=1615766400&interval=1d&filter=history&frequency=1d&includeAdjustedClose=true","Feb 16, 2021","557.29","557.28"
"1615856075-1978","https://finance.yahoo.com/quote/NFLX/history?period1=1577836800&period2=1615766400&interval=1d&filter=history&frequency=1d&includeAdjustedClose=true","Mar 20, 2020","342.31","332.83"
"1615856075-1949","https://finance.yahoo.com/quote/NFLX/history?period1=1577836800&period2=1615766400&interval=1d&filter=history&frequency=1d&includeAdjustedClose=true","May 01, 2020","415.10","415.27"
"1615856075-2028","https://finance.yahoo.com/quote/NFLX/history?period1=1577836800&period2=1615766400&interval=1d&filter=history&frequency=1d&includeAdjustedClose=true","Jan 08, 2020","331.49","339.26"
"1615856075-1898","https://finance.yahoo.com/quote/NFLX/history?period1=1577836800&period2=1615766400&interval=1d&filter=history&frequency=1d&includeAdjustedClose=true","Jul 15, 2020","516.30","523.26"
"1615856075-1808","https://finance.yahoo.com/quote/NFLX/history?period1=1577836800&period2=1615766400&interval=1d&filter=history&frequency=1d&includeAdjustedClose=true","Nov 19, 2020","482.00","484.67"
"1615856075-1989","https://finance.yahoo.com/quote/NFLX/history?period1=1577836800&period2=1615766400&interval=1d&filter=history&frequency=1d&includeAdjustedClose=true","Mar 05, 2020","381.00","372.78"
"1615856075-1846","https://finance.yahoo.com/quote/NFLX/history?period1=1577836800&period2=1615766400&interval=1d&filter=history&frequency=1d&includeAdjustedClose=true","Sep 28, 2020","489.11","490.65"
"1615856075-1976","https://finance.yahoo.com/quote/NFLX/history?period1=1577836800&period2=1615766400&interval=1d&filter=history&frequency=1d&includeAdjustedClose=true","Mar 24, 2020","369.99","357.32"
"1615856075-1899","https://finance.yahoo.com/quote/NFLX/history?period1=1577836800&period2=1615766400&interval=1d&filter=history&frequency=1d&includeAdjustedClose=true","Jul 14, 2020","517.08","524.88"
"1615856075-1894","https://finance.yahoo.com/quote/NFLX/history?period1=1577836800&period2=1615766400&interval=1d&filter=history&frequency=1d&includeAdjustedClose=true","Jul 21, 2020","506.00","490.10"
"1615856075-1839","https://finance.yahoo.com/quote/NFLX/history?period1=1577836800&period2=1615766400&interval=1d&filter=history&frequency=1d&includeAdjustedClose=true","Oct 07, 2020","518.00","534.66"
"1615856075-1907","https://finance.yahoo.com/quote/NFLX/history?period1=1577836800&period2=1615766400&interval=1d&filter=history&frequency=1d&includeAdjustedClose=true","Jul 01, 2020","454.00","485.64"
"1615856075-1732","https://finance.yahoo.com/quote/NFLX/history?period1=1577836800&period2=1615766400&interval=1d&filter=history&frequency=1d&includeAdjustedClose=true","Mar 12, 2021","512.50","518.02"
"1615856075-1842","https://finance.yahoo.com/quote/NFLX/history?period1=1577836800&period2=1615766400&interval=1d&filter=history&frequency=1d&includeAdjustedClose=true","Oct 02, 2020","516.43","503.06"
"1615856075-1797","https://finance.yahoo.com/quote/NFLX/history?period1=1577836800&period2=1615766400&interval=1d&filter=history&frequency=1d&includeAdjustedClose=true","Dec 07, 2020","500.01","515.78"
"1615856075-1799","https://finance.yahoo.com/quote/NFLX/history?period1=1577836800&period2=1615766400&interval=1d&filter=history&frequency=1d&includeAdjustedClose=true","Dec 03, 2020","502.99","497.52"
"1615856075-1744","https://finance.yahoo.com/quote/NFLX/history?period1=1577836800&period2=1615766400&interval=1d&filter=history&frequency=1d&includeAdjustedClose=true","Feb 24, 2021","539.80","553.41"
"1615856075-1784","https://finance.yahoo.com/quote/NFLX/history?period1=1577836800&period2=1615766400&interval=1d&filter=history&frequency=1d&includeAdjustedClose=true","Dec 24, 2020","515.12","513.97"
"1615856075-1994","https://finance.yahoo.com/quote/NFLX/history?period1=1577836800&period2=1615766400&interval=1d&filter=history&frequency=1d&includeAdjustedClose=true","Feb 27, 2020","371.46","371.71"
"1615856075-1900","https://finance.yahoo.com/quote/NFLX/history?period1=1577836800&period2=1615766400&interval=1d&filter=history&frequency=1d&includeAdjustedClose=true","Jul 13, 2020","567.98","525.50"
"1615856075-1751","https://finance.yahoo.com/quote/NFLX/history?period1=1577836800&period2=1615766400&interval=1d&filter=history&frequency=1d&includeAdjustedClose=true","Feb 12, 2021","556.94","556.52"
"1615856075-1879","https://finance.yahoo.com/quote/NFLX/history?period1=1577836800&period2=1615766400&interval=1d&filter=history&frequency=1d&includeAdjustedClose=true","Aug 11, 2020","479.75","466.93"
"1615856075-1990","https://finance.yahoo.com/quote/NFLX/history?period1=1577836800&period2=1615766400&interval=1d&filter=history&frequency=1d&includeAdjustedClose=true","Mar 04, 2020","377.77","383.79"
"1615856075-1883","https://finance.yahoo.com/quote/NFLX/history?period1=1577836800&period2=1615766400&interval=1d&filter=history&frequency=1d&includeAdjustedClose=true","Aug 05, 2020","508.68","502.11"
"1615856075-1785","https://finance.yahoo.com/quote/NFLX/history?period1=1577836800&period2=1615766400&interval=1d&filter=history&frequency=1d&includeAdjustedClose=true","Dec 23, 2020","524.76","514.48"
"1615856075-1790","https://finance.yahoo.com/quote/NFLX/history?period1=1577836800&period2=1615766400&interval=1d&filter=history&frequency=1d&includeAdjustedClose=true","Dec 16, 2020","520.11","524.83"
"1615856075-1811","https://finance.yahoo.com/quote/NFLX/history?period1=1577836800&period2=1615766400&interval=1d&filter=history&frequency=1d&includeAdjustedClose=true","Nov 16, 2020","480.00","479.10"
"1615856075-1889","https://finance.yahoo.com/quote/NFLX/history?period1=1577836800&period2=1615766400&interval=1d&filter=history&frequency=1d&includeAdjustedClose=true","Jul 28, 2020","496.02","488.51"
"1615856075-1817","https://finance.yahoo.com/quote/NFLX/history?period1=1577836800&period2=1615766400&interval=1d&filter=history&frequency=1d&includeAdjustedClose=true","Nov 06, 2020","515.00","514.73"
"1615856075-1941","https://finance.yahoo.com/quote/NFLX/history?period1=1577836800&period2=1615766400&interval=1d&filter=history&frequency=1d&includeAdjustedClose=true","May 13, 2020","435.69","438.27"
"1615856075-1984","https://finance.yahoo.com/quote/NFLX/history?period1=1577836800&period2=1615766400&interval=1d&filter=history&frequency=1d&includeAdjustedClose=true","Mar 12, 2020","326.50","315.25"
"1615856075-1851","https://finance.yahoo.com/quote/NFLX/history?period1=1577836800&period2=1615766400&interval=1d&filter=history&frequency=1d&includeAdjustedClose=true","Sep 21, 2020","467.69","487.35"
"1615856075-1880","https://finance.yahoo.com/quote/NFLX/history?period1=1577836800&period2=1615766400&interval=1d&filter=history&frequency=1d&includeAdjustedClose=true","Aug 10, 2020","493.35","483.38"
"1615856075-1771","https://finance.yahoo.com/quote/NFLX/history?period1=1577836800&period2=1615766400&interval=1d&filter=history&frequency=1d&includeAdjustedClose=true","Jan 14, 2021","507.35","500.86"
"1615856075-2024","https://finance.yahoo.com/quote/NFLX/history?period1=1577836800&period2=1615766400&interval=1d&filter=history&frequency=1d&includeAdjustedClose=true","Jan 14, 2020","344.40","338.69"
"1615856075-1918","https://finance.yahoo.com/quote/NFLX/history?period1=1577836800&period2=1615766400&interval=1d&filter=history&frequency=1d&includeAdjustedClose=true","Jun 16, 2020","425.76","436.13"
"1615856075-1840","https://finance.yahoo.com/quote/NFLX/history?period1=1577836800&period2=1615766400&interval=1d&filter=history&frequency=1d&includeAdjustedClose=true","Oct 06, 2020","518.72","505.87"
"1615856075-1911","https://finance.yahoo.com/quote/NFLX/history?period1=1577836800&period2=1615766400&interval=1d&filter=history&frequency=1d&includeAdjustedClose=true","Jun 25, 2020","458.86","465.91"
"1615856075-1887","https://finance.yahoo.com/quote/NFLX/history?period1=1577836800&period2=1615766400&interval=1d&filter=history&frequency=1d&includeAdjustedClose=true","Jul 30, 2020","480.71","485.80"
"1615856075-1912","https://finance.yahoo.com/quote/NFLX/history?period1=1577836800&period2=1615766400&interval=1d&filter=history&frequency=1d&includeAdjustedClose=true","Jun 24, 2020","468.54","457.85"
"1615856075-1775","https://finance.yahoo.com/quote/NFLX/history?period1=1577836800&period2=1615766400&interval=1d&filter=history&frequency=1d&includeAdjustedClose=true","Jan 08, 2021","511.31","510.40"
"1615856075-1868","https://finance.yahoo.com/quote/NFLX/history?period1=1577836800&period2=1615766400&interval=1d&filter=history&frequency=1d&includeAdjustedClose=true","Aug 26, 2020","492.50","547.53"
"1615856075-1802","https://finance.yahoo.com/quote/NFLX/history?period1=1577836800&period2=1615766400&interval=1d&filter=history&frequency=1d&includeAdjustedClose=true","Nov 30, 2020","490.08","490.70"
"1615856075-1908","https://finance.yahoo.com/quote/NFLX/history?period1=1577836800&period2=1615766400&interval=1d&filter=history&frequency=1d&includeAdjustedClose=true","Jun 30, 2020","450.02","455.04"
"1615856075-1769","https://finance.yahoo.com/quote/NFLX/history?period1=1577836800&period2=1615766400&interval=1d&filter=history&frequency=1d&includeAdjustedClose=true","Jan 19, 2021","501.00","501.77"
"1615856075-1795","https://finance.yahoo.com/quote/NFLX/history?period1=1577836800&period2=1615766400&interval=1d&filter=history&frequency=1d&includeAdjustedClose=true","Dec 09, 2020","510.53","493.60"
"1615856075-1738","https://finance.yahoo.com/quote/NFLX/history?period1=1577836800&period2=1615766400&interval=1d&filter=history&frequency=1d&includeAdjustedClose=true","Mar 04, 2021","521.50","511.29"
"1615856075-1792","https://finance.yahoo.com/quote/NFLX/history?period1=1577836800&period2=1615766400&interval=1d&filter=history&frequency=1d&includeAdjustedClose=true","Dec 14, 2020","505.44","522.42"
"1615856075-1793","https://finance.yahoo.com/quote/NFLX/history?period1=1577836800&period2=1615766400&interval=1d&filter=history&frequency=1d&includeAdjustedClose=true","Dec 11, 2020","495.00","503.22"
"1615856075-1739","https://finance.yahoo.com/quote/NFLX/history?period1=1577836800&period2=1615766400&interval=1d&filter=history&frequency=1d&includeAdjustedClose=true","Mar 03, 2021","545.93","520.70"
"1615856075-1886","https://finance.yahoo.com/quote/NFLX/history?period1=1577836800&period2=1615766400&interval=1d&filter=history&frequency=1d&includeAdjustedClose=true","Jul 31, 2020","488.29","488.88"
"1615856075-1737","https://finance.yahoo.com/quote/NFLX/history?period1=1577836800&period2=1615766400&interval=1d&filter=history&frequency=1d&includeAdjustedClose=true","Mar 05, 2021","511.98","516.39"
"1615856075-1964","https://finance.yahoo.com/quote/NFLX/history?period1=1577836800&period2=1615766400&interval=1d&filter=history&frequency=1d&includeAdjustedClose=true","Apr 09, 2020","371.06","370.72"
"1615856075-2026","https://finance.yahoo.com/quote/NFLX/history?period1=1577836800&period2=1615766400&interval=1d&filter=history&frequency=1d&includeAdjustedClose=true","Jan 10, 2020","337.13","329.05"
"1615856075-1772","https://finance.yahoo.com/quote/NFLX/history?period1=1577836800&period2=1615766400&interval=1d&filter=history&frequency=1d&includeAdjustedClose=true","Jan 13, 2021","495.50","507.79"
"1615856075-1922","https://finance.yahoo.com/quote/NFLX/history?period1=1577836800&period2=1615766400&interval=1d&filter=history&frequency=1d&includeAdjustedClose=true","Jun 10, 2020","436.00","434.48"
"1615856075-1831","https://finance.yahoo.com/quote/NFLX/history?period1=1577836800&period2=1615766400&interval=1d&filter=history&frequency=1d&includeAdjustedClose=true","Oct 19, 2020","537.07","530.72"
"1615856075-2017","https://finance.yahoo.com/quote/NFLX/history?period1=1577836800&period2=1615766400&interval=1d&filter=history&frequency=1d&includeAdjustedClose=true","Jan 24, 2020","348.46","353.16"
"1615856075-2018","https://finance.yahoo.com/quote/NFLX/history?period1=1577836800&period2=1615766400&interval=1d&filter=history&frequency=1d&includeAdjustedClose=true","Jan 23, 2020","326.04","349.60"
"1615856075-1850","https://finance.yahoo.com/quote/NFLX/history?period1=1577836800&period2=1615766400&interval=1d&filter=history&frequency=1d&includeAdjustedClose=true","Sep 22, 2020","489.01","491.17"
"1615856075-1991","https://finance.yahoo.com/quote/NFLX/history?period1=1577836800&period2=1615766400&interval=1d&filter=history&frequency=1d&includeAdjustedClose=true","Mar 03, 2020","381.03","368.77"
"1615856075-1746","https://finance.yahoo.com/quote/NFLX/history?period1=1577836800&period2=1615766400&interval=1d&filter=history&frequency=1d&includeAdjustedClose=true","Feb 22, 2021","534.99","533.78"
"1615856075-2002","https://finance.yahoo.com/quote/NFLX/history?period1=1577836800&period2=1615766400&interval=1d&filter=history&frequency=1d&includeAdjustedClose=true","Feb 14, 2020","381.47","380.40"
"1615856075-1975","https://finance.yahoo.com/quote/NFLX/history?period1=1577836800&period2=1615766400&interval=1d&filter=history&frequency=1d&includeAdjustedClose=true","Mar 25, 2020","361.02","342.39"
"1615856075-1881","https://finance.yahoo.com/quote/NFLX/history?period1=1577836800&period2=1615766400&interval=1d&filter=history&frequency=1d&includeAdjustedClose=true","Aug 07, 2020","505.45","494.73"
"1615856075-2003","https://finance.yahoo.com/quote/NFLX/history?period1=1577836800&period2=1615766400&interval=1d&filter=history&frequency=1d&includeAdjustedClose=true","Feb 13, 2020","376.96","381.40"
"1615856075-1822","https://finance.yahoo.com/quote/NFLX/history?period1=1577836800&period2=1615766400&interval=1d&filter=history&frequency=1d&includeAdjustedClose=true","Oct 30, 2020","502.01","475.74"
"1615856075-1816","https://finance.yahoo.com/quote/NFLX/history?period1=1577836800&period2=1615766400&interval=1d&filter=history&frequency=1d&includeAdjustedClose=true","Nov 09, 2020","485.54","470.50"
"1615856075-1956","https://finance.yahoo.com/quote/NFLX/history?period1=1577836800&period2=1615766400&interval=1d&filter=history&frequency=1d&includeAdjustedClose=true","Apr 22, 2020","429.73","421.42"
"1615856075-1794","https://finance.yahoo.com/quote/NFLX/history?period1=1577836800&period2=1615766400&interval=1d&filter=history&frequency=1d&includeAdjustedClose=true","Dec 10, 2020","494.56","501.09"
"1615856075-1938","https://finance.yahoo.com/quote/NFLX/history?period1=1577836800&period2=1615766400&interval=1d&filter=history&frequency=1d&includeAdjustedClose=true","May 18, 2020","451.16","452.58"
"1615856075-1777","https://finance.yahoo.com/quote/NFLX/history?period1=1577836800&period2=1615766400&interval=1d&filter=history&frequency=1d&includeAdjustedClose=true","Jan 06, 2021","511.97","500.49"
"1615856075-1813","https://finance.yahoo.com/quote/NFLX/history?period1=1577836800&period2=1615766400&interval=1d&filter=history&frequency=1d&includeAdjustedClose=true","Nov 12, 2020","491.00","486.77"
"1615856075-1859","https://finance.yahoo.com/quote/NFLX/history?period1=1577836800&period2=1615766400&interval=1d&filter=history&frequency=1d&includeAdjustedClose=true","Sep 09, 2020","519.21","500.19"
"1615856075-1830","https://finance.yahoo.com/quote/NFLX/history?period1=1577836800&period2=1615766400&interval=1d&filter=history&frequency=1d&includeAdjustedClose=true","Oct 20, 2020","528.14","525.42"
"1615856075-1885","https://finance.yahoo.com/quote/NFLX/history?period1=1577836800&period2=1615766400&interval=1d&filter=history&frequency=1d&includeAdjustedClose=true","Aug 03, 2020","490.86","498.62"
"1615856075-1954","https://finance.yahoo.com/quote/NFLX/history?period1=1577836800&period2=1615766400&interval=1d&filter=history&frequency=1d&includeAdjustedClose=true","Apr 24, 2020","425.00","424.99"
"1615856075-2027","https://finance.yahoo.com/quote/NFLX/history?period1=1577836800&period2=1615766400&interval=1d&filter=history&frequency=1d&includeAdjustedClose=true","Jan 09, 2020","342.00","335.66"
"1615856075-1800","https://finance.yahoo.com/quote/NFLX/history?period1=1577836800&period2=1615766400&interval=1d&filter=history&frequency=1d&includeAdjustedClose=true","Dec 02, 2020","501.62","503.38"
"1615856075-1997","https://finance.yahoo.com/quote/NFLX/history?period1=1577836800&period2=1615766400&interval=1d&filter=history&frequency=1d&includeAdjustedClose=true","Feb 24, 2020","364.76","368.70"
"1615856075-2006","https://finance.yahoo.com/quote/NFLX/history?period1=1577836800&period2=1615766400&interval=1d&filter=history&frequency=1d&includeAdjustedClose=true","Feb 10, 2020","365.00","371.07"
"1615856075-1948","https://finance.yahoo.com/quote/NFLX/history?period1=1577836800&period2=1615766400&interval=1d&filter=history&frequency=1d&includeAdjustedClose=true","May 04, 2020","417.78","428.15"
"1615856075-1810","https://finance.yahoo.com/quote/NFLX/history?period1=1577836800&period2=1615766400&interval=1d&filter=history&frequency=1d&includeAdjustedClose=true","Nov 17, 2020","480.12","480.63"
"1615856075-1945","https://finance.yahoo.com/quote/NFLX/history?period1=1577836800&period2=1615766400&interval=1d&filter=history&frequency=1d&includeAdjustedClose=true","May 07, 2020","436.89","436.53"
"1615856075-1755","https://finance.yahoo.com/quote/NFLX/history?period1=1577836800&period2=1615766400&interval=1d&filter=history&frequency=1d&includeAdjustedClose=true","Feb 08, 2021","555.00","547.92"
"1615856075-1873","https://finance.yahoo.com/quote/NFLX/history?period1=1577836800&period2=1615766400&interval=1d&filter=history&frequency=1d&includeAdjustedClose=true","Aug 19, 2020","493.93","484.53"
"1615856075-1981","https://finance.yahoo.com/quote/NFLX/history?period1=1577836800&period2=1615766400&interval=1d&filter=history&frequency=1d&includeAdjustedClose=true","Mar 17, 2020","306.19","319.75"
"1615856075-2001","https://finance.yahoo.com/quote/NFLX/history?period1=1577836800&period2=1615766400&interval=1d&filter=history&frequency=1d&includeAdjustedClose=true","Feb 18, 2020","379.30","387.78"
"1615856075-2005","https://finance.yahoo.com/quote/NFLX/history?period1=1577836800&period2=1615766400&interval=1d&filter=history&frequency=1d&includeAdjustedClose=true","Feb 11, 2020","373.75","373.69"
"1615856075-1919","https://finance.yahoo.com/quote/NFLX/history?period1=1577836800&period2=1615766400&interval=1d&filter=history&frequency=1d&includeAdjustedClose=true","Jun 15, 2020","421.40","425.50"
"1615856075-1965","https://finance.yahoo.com/quote/NFLX/history?period1=1577836800&period2=1615766400&interval=1d&filter=history&frequency=1d&includeAdjustedClose=true","Apr 08, 2020","374.01","371.12"
"1615856075-1993","https://finance.yahoo.com/quote/NFLX/history?period1=1577836800&period2=1615766400&interval=1d&filter=history&frequency=1d&includeAdjustedClose=true","Feb 28, 2020","364.21","369.03"
"1615856075-1742","https://finance.yahoo.com/quote/NFLX/history?period1=1577836800&period2=1615766400&interval=1d&filter=history&frequency=1d&includeAdjustedClose=true","Feb 26, 2021","546.51","538.85"
"1615856075-1942","https://finance.yahoo.com/quote/NFLX/history?period1=1577836800&period2=1615766400&interval=1d&filter=history&frequency=1d&includeAdjustedClose=true","May 12, 2020","442.00","431.82"
"1615856075-1862","https://finance.yahoo.com/quote/NFLX/history?period1=1577836800&period2=1615766400&interval=1d&filter=history&frequency=1d&includeAdjustedClose=true","Sep 03, 2020","545.00","525.75"
"1615856075-1985","https://finance.yahoo.com/quote/NFLX/history?period1=1577836800&period2=1615766400&interval=1d&filter=history&frequency=1d&includeAdjustedClose=true","Mar 11, 2020","358.92","349.92"
"1615856075-1960","https://finance.yahoo.com/quote/NFLX/history?period1=1577836800&period2=1615766400&interval=1d&filter=history&frequency=1d&includeAdjustedClose=true","Apr 16, 2020","437.00","439.17"
"1615856075-1875","https://finance.yahoo.com/quote/NFLX/history?period1=1577836800&period2=1615766400&interval=1d&filter=history&frequency=1d&includeAdjustedClose=true","Aug 17, 2020","484.19","482.35"
"1615856075-1876","https://finance.yahoo.com/quote/NFLX/history?period1=1577836800&period2=1615766400&interval=1d&filter=history&frequency=1d&includeAdjustedClose=true","Aug 14, 2020","482.82","482.68"
"1615856075-2022","https://finance.yahoo.com/quote/NFLX/history?period1=1577836800&period2=1615766400&interval=1d&filter=history&frequency=1d&includeAdjustedClose=true","Jan 16, 2020","343.50","338.62"
"1615856075-1996","https://finance.yahoo.com/quote/NFLX/history?period1=1577836800&period2=1615766400&interval=1d&filter=history&frequency=1d&includeAdjustedClose=true","Feb 25, 2020","372.00","360.09"
"1615856075-1890","https://finance.yahoo.com/quote/NFLX/history?period1=1577836800&period2=1615766400&interval=1d&filter=history&frequency=1d&includeAdjustedClose=true","Jul 27, 2020","484.51","495.65"
"1615856075-1932","https://finance.yahoo.com/quote/NFLX/history?period1=1577836800&period2=1615766400&interval=1d&filter=history&frequency=1d&includeAdjustedClose=true","May 27, 2020","410.38","419.89"
"1615856075-2031","https://finance.yahoo.com/quote/NFLX/history?period1=1577836800&period2=1615766400&interval=1d&filter=history&frequency=1d&includeAdjustedClose=true","Jan 03, 2020","326.78","325.90"
"1615856075-1865","https://finance.yahoo.com/quote/NFLX/history?period1=1577836800&period2=1615766400&interval=1d&filter=history&frequency=1d&includeAdjustedClose=true","Aug 31, 2020","521.16","529.56"
"1615856075-2008","https://finance.yahoo.com/quote/NFLX/history?period1=1577836800&period2=1615766400&interval=1d&filter=history&frequency=1d&includeAdjustedClose=true","Feb 06, 2020","369.60","366.95"
"1615856075-1828","https://finance.yahoo.com/quote/NFLX/history?period1=1577836800&period2=1615766400&interval=1d&filter=history&frequency=1d&includeAdjustedClose=true","Oct 22, 2020","494.69","485.23"
"1615856075-1906","https://finance.yahoo.com/quote/NFLX/history?period1=1577836800&period2=1615766400&interval=1d&filter=history&frequency=1d&includeAdjustedClose=true","Jul 02, 2020","485.64","476.89"
"1615856075-1968","https://finance.yahoo.com/quote/NFLX/history?period1=1577836800&period2=1615766400&interval=1d&filter=history&frequency=1d&includeAdjustedClose=true","Apr 03, 2020","367.47","361.76"
"1615856075-1762","https://finance.yahoo.com/quote/NFLX/history?period1=1577836800&period2=1615766400&interval=1d&filter=history&frequency=1d&includeAdjustedClose=true","Jan 28, 2021","535.88","538.60"
"1615856075-2011","https://finance.yahoo.com/quote/NFLX/history?period1=1577836800&period2=1615766400&interval=1d&filter=history&frequency=1d&includeAdjustedClose=true","Feb 03, 2020","347.24","358.00"
"1615856075-1905","https://finance.yahoo.com/quote/NFLX/history?period1=1577836800&period2=1615766400&interval=1d&filter=history&frequency=1d&includeAdjustedClose=true","Jul 06, 2020","480.77","493.81"
"1615856075-2000","https://finance.yahoo.com/quote/NFLX/history?period1=1577836800&period2=1615766400&interval=1d&filter=history&frequency=1d&includeAdjustedClose=true","Feb 19, 2020","388.12","386.19"
"1615856075-1933","https://finance.yahoo.com/quote/NFLX/history?period1=1577836800&period2=1615766400&interval=1d&filter=history&frequency=1d&includeAdjustedClose=true","May 26, 2020","427.77","414.77"
"1615856075-1928","https://finance.yahoo.com/quote/NFLX/history?period1=1577836800&period2=1615766400&interval=1d&filter=history&frequency=1d&includeAdjustedClose=true","Jun 02, 2020","425.87","427.31"
"1615856075-1940","https://finance.yahoo.com/quote/NFLX/history?period1=1577836800&period2=1615766400&interval=1d&filter=history&frequency=1d&includeAdjustedClose=true","May 14, 2020","444.90","441.95"
"1615856075-2019","https://finance.yahoo.com/quote/NFLX/history?period1=1577836800&period2=1615766400&interval=1d&filter=history&frequency=1d&includeAdjustedClose=true","Jan 22, 2020","332.55","326.00"
"1615856075-1983","https://finance.yahoo.com/quote/NFLX/history?period1=1577836800&period2=1615766400&interval=1d&filter=history&frequency=1d&includeAdjustedClose=true","Mar 13, 2020","330.51","336.30"
"1615856075-1916","https://finance.yahoo.com/quote/NFLX/history?period1=1577836800&period2=1615766400&interval=1d&filter=history&frequency=1d&includeAdjustedClose=true","Jun 18, 2020","448.73","449.87"
"1615856075-1833","https://finance.yahoo.com/quote/NFLX/history?period1=1577836800&period2=1615766400&interval=1d&filter=history&frequency=1d&includeAdjustedClose=true","Oct 15, 2020","545.52","541.94"
"1615856075-1764","https://finance.yahoo.com/quote/NFLX/history?period1=1577836800&period2=1615766400&interval=1d&filter=history&frequency=1d&includeAdjustedClose=true","Jan 26, 2021","554.73","561.93"
"1615856075-1878","https://finance.yahoo.com/quote/NFLX/history?period1=1577836800&period2=1615766400&interval=1d&filter=history&frequency=1d&includeAdjustedClose=true","Aug 12, 2020","471.34","475.47"
"1615856075-1937","https://finance.yahoo.com/quote/NFLX/history?period1=1577836800&period2=1615766400&interval=1d&filter=history&frequency=1d&includeAdjustedClose=true","May 19, 2020","453.40","451.04"
"1615856075-1832","https://finance.yahoo.com/quote/NFLX/history?period1=1577836800&period2=1615766400&interval=1d&filter=history&frequency=1d&includeAdjustedClose=true","Oct 16, 2020","549.50","530.79"
"1615856075-1939","https://finance.yahoo.com/quote/NFLX/history?period1=1577836800&period2=1615766400&interval=1d&filter=history&frequency=1d&includeAdjustedClose=true","May 15, 2020","440.70","454.19"
"1615856075-1901","https://finance.yahoo.com/quote/NFLX/history?period1=1577836800&period2=1615766400&interval=1d&filter=history&frequency=1d&includeAdjustedClose=true","Jul 10, 2020","519.73","548.73"
"1615856075-1869","https://finance.yahoo.com/quote/NFLX/history?period1=1577836800&period2=1615766400&interval=1d&filter=history&frequency=1d&includeAdjustedClose=true","Aug 25, 2020","488.19","490.58"
"1615856075-1856","https://finance.yahoo.com/quote/NFLX/history?period1=1577836800&period2=1615766400&interval=1d&filter=history&frequency=1d&includeAdjustedClose=true","Sep 14, 2020","480.62","476.26"
"1615856075-1950","https://finance.yahoo.com/quote/NFLX/history?period1=1577836800&period2=1615766400&interval=1d&filter=history&frequency=1d&includeAdjustedClose=true","Apr 30, 2020","410.31","419.85"
"1615856075-1895","https://finance.yahoo.com/quote/NFLX/history?period1=1577836800&period2=1615766400&interval=1d&filter=history&frequency=1d&includeAdjustedClose=true","Jul 20, 2020","489.14","502.41"
"1615856075-1920","https://finance.yahoo.com/quote/NFLX/history?period1=1577836800&period2=1615766400&interval=1d&filter=history&frequency=1d&includeAdjustedClose=true","Jun 12, 2020","429.00","418.07"
"1615856075-1934","https://finance.yahoo.com/quote/NFLX/history?period1=1577836800&period2=1615766400&interval=1d&filter=history&frequency=1d&includeAdjustedClose=true","May 22, 2020","437.00","429.32"
"1615856075-1741","https://finance.yahoo.com/quote/NFLX/history?period1=1577836800&period2=1615766400&interval=1d&filter=history&frequency=1d&includeAdjustedClose=true","Mar 01, 2021","545.57","550.64"
"1615856075-1836","https://finance.yahoo.com/quote/NFLX/history?period1=1577836800&period2=1615766400&interval=1d&filter=history&frequency=1d&includeAdjustedClose=true","Oct 12, 2020","548.81","539.81"
"1615856075-1804","https://finance.yahoo.com/quote/NFLX/history?period1=1577836800&period2=1615766400&interval=1d&filter=history&frequency=1d&includeAdjustedClose=true","Nov 25, 2020","485.13","485.00"
"1615856075-1867","https://finance.yahoo.com/quote/NFLX/history?period1=1577836800&period2=1615766400&interval=1d&filter=history&frequency=1d&includeAdjustedClose=true","Aug 27, 2020","537.78","526.27"
"1615856075-1841","https://finance.yahoo.com/quote/NFLX/history?period1=1577836800&period2=1615766400&interval=1d&filter=history&frequency=1d&includeAdjustedClose=true","Oct 05, 2020","506.80","520.65"
"1615856075-1893","https://finance.yahoo.com/quote/NFLX/history?period1=1577836800&period2=1615766400&interval=1d&filter=history&frequency=1d&includeAdjustedClose=true","Jul 22, 2020","492.19","489.82"
"1615856075-2004","https://finance.yahoo.com/quote/NFLX/history?period1=1577836800&period2=1615766400&interval=1d&filter=history&frequency=1d&includeAdjustedClose=true","Feb 12, 2020","377.18","380.01"
"1615856075-1943","https://finance.yahoo.com/quote/NFLX/history?period1=1577836800&period2=1615766400&interval=1d&filter=history&frequency=1d&includeAdjustedClose=true","May 11, 2020","436.33","440.52"
"1615856075-1854","https://finance.yahoo.com/quote/NFLX/history?period1=1577836800&period2=1615766400&interval=1d&filter=history&frequency=1d&includeAdjustedClose=true","Sep 16, 2020","499.99","483.86"
"1615856075-1763","https://finance.yahoo.com/quote/NFLX/history?period1=1577836800&period2=1615766400&interval=1d&filter=history&frequency=1d&includeAdjustedClose=true","Jan 27, 2021","550.71","523.28"
"1615856075-1759","https://finance.yahoo.com/quote/NFLX/history?period1=1577836800&period2=1615766400&interval=1d&filter=history&frequency=1d&includeAdjustedClose=true","Feb 02, 2021","542.01","548.16"
"1615856075-1977","https://finance.yahoo.com/quote/NFLX/history?period1=1577836800&period2=1615766400&interval=1d&filter=history&frequency=1d&includeAdjustedClose=true","Mar 23, 2020","347.89","360.27"
"1615856075-1740","https://finance.yahoo.com/quote/NFLX/history?period1=1577836800&period2=1615766400&interval=1d&filter=history&frequency=1d&includeAdjustedClose=true","Mar 02, 2021","553.34","547.82"
"1615856075-1888","https://finance.yahoo.com/quote/NFLX/history?period1=1577836800&period2=1615766400&interval=1d&filter=history&frequency=1d&includeAdjustedClose=true","Jul 29, 2020","492.25","484.48"
"1615856075-2032","https://finance.yahoo.com/quote/NFLX/history?period1=1577836800&period2=1615766400&interval=1d&filter=history&frequency=1d&includeAdjustedClose=true","Jan 02, 2020","326.10","329.81"
"1615856075-1999","https://finance.yahoo.com/quote/NFLX/history?period1=1577836800&period2=1615766400&interval=1d&filter=history&frequency=1d&includeAdjustedClose=true","Feb 20, 2020","386.56","386.00"
"1615856075-1892","https://finance.yahoo.com/quote/NFLX/history?period1=1577836800&period2=1615766400&interval=1d&filter=history&frequency=1d&includeAdjustedClose=true","Jul 23, 2020","491.13","477.58"
"1615856075-1855","https://finance.yahoo.com/quote/NFLX/history?period1=1577836800&period2=1615766400&interval=1d&filter=history&frequency=1d&includeAdjustedClose=true","Sep 15, 2020","484.00","495.99"
"1615856075-1923","https://finance.yahoo.com/quote/NFLX/history?period1=1577836800&period2=1615766400&interval=1d&filter=history&frequency=1d&includeAdjustedClose=true","Jun 09, 2020","421.65","434.05"
"1615856075-1974","https://finance.yahoo.com/quote/NFLX/history?period1=1577836800&period2=1615766400&interval=1d&filter=history&frequency=1d&includeAdjustedClose=true","Mar 26, 2020","344.00","362.99"
"1615856075-1863","https://finance.yahoo.com/quote/NFLX/history?period1=1577836800&period2=1615766400&interval=1d&filter=history&frequency=1d&includeAdjustedClose=true","Sep 02, 2020","553.78","552.84"
"1615856075-1877","https://finance.yahoo.com/quote/NFLX/history?period1=1577836800&period2=1615766400&interval=1d&filter=history&frequency=1d&includeAdjustedClose=true","Aug 13, 2020","478.40","481.33"
"1615856075-1805","https://finance.yahoo.com/quote/NFLX/history?period1=1577836800&period2=1615766400&interval=1d&filter=history&frequency=1d&includeAdjustedClose=true","Nov 24, 2020","478.84","482.88"
"1615856075-1853","https://finance.yahoo.com/quote/NFLX/history?period1=1577836800&period2=1615766400&interval=1d&filter=history&frequency=1d&includeAdjustedClose=true","Sep 17, 2020","475.16","470.20"
"1615856075-1896","https://finance.yahoo.com/quote/NFLX/history?period1=1577836800&period2=1615766400&interval=1d&filter=history&frequency=1d&includeAdjustedClose=true","Jul 17, 2020","494.87","492.99"
"1615856075-1986","https://finance.yahoo.com/quote/NFLX/history?period1=1577836800&period2=1615766400&interval=1d&filter=history&frequency=1d&includeAdjustedClose=true","Mar 10, 2020","356.43","364.13"
"1615856075-1749","https://finance.yahoo.com/quote/NFLX/history?period1=1577836800&period2=1615766400&interval=1d&filter=history&frequency=1d&includeAdjustedClose=true","Feb 17, 2021","550.99","551.34"
"1615856075-2012","https://finance.yahoo.com/quote/NFLX/history?period1=1577836800&period2=1615766400&interval=1d&filter=history&frequency=1d&includeAdjustedClose=true","Jan 31, 2020","347.39","345.09"
"1615856075-2023","https://finance.yahoo.com/quote/NFLX/history?period1=1577836800&period2=1615766400&interval=1d&filter=history&frequency=1d&includeAdjustedClose=true","Jan 15, 2020","338.68","339.07"
"1615856075-2016","https://finance.yahoo.com/quote/NFLX/history?period1=1577836800&period2=1615766400&interval=1d&filter=history&frequency=1d&includeAdjustedClose=true","Jan 27, 2020","345.95","342.88"
"1615856075-1767","https://finance.yahoo.com/quote/NFLX/history?period1=1577836800&period2=1615766400&interval=1d&filter=history&frequency=1d&includeAdjustedClose=true","Jan 21, 2021","582.45","579.84"
"1615856075-1955","https://finance.yahoo.com/quote/NFLX/history?period1=1577836800&period2=1615766400&interval=1d&filter=history&frequency=1d&includeAdjustedClose=true","Apr 23, 2020","419.26","426.70"
"1615856075-1995","https://finance.yahoo.com/quote/NFLX/history?period1=1577836800&period2=1615766400&interval=1d&filter=history&frequency=1d&includeAdjustedClose=true","Feb 26, 2020","366.31","379.24"
"1615856075-1824","https://finance.yahoo.com/quote/NFLX/history?period1=1577836800&period2=1615766400&interval=1d&filter=history&frequency=1d&includeAdjustedClose=true","Oct 28, 2020","486.36","486.24"
"1615856075-1921","https://finance.yahoo.com/quote/NFLX/history?period1=1577836800&period2=1615766400&interval=1d&filter=history&frequency=1d&includeAdjustedClose=true","Jun 11, 2020","428.20","425.56"
"1615856075-1961","https://finance.yahoo.com/quote/NFLX/history?period1=1577836800&period2=1615766400&interval=1d&filter=history&frequency=1d&includeAdjustedClose=true","Apr 15, 2020","413.00","426.75"
"1615856075-1780","https://finance.yahoo.com/quote/NFLX/history?period1=1577836800&period2=1615766400&interval=1d&filter=history&frequency=1d&includeAdjustedClose=true","Dec 31, 2020","525.53","540.73"
"1615856075-1807","https://finance.yahoo.com/quote/NFLX/history?period1=1577836800&period2=1615766400&interval=1d&filter=history&frequency=1d&includeAdjustedClose=true","Nov 20, 2020","485.22","488.24"
"1615856075-1778","https://finance.yahoo.com/quote/NFLX/history?period1=1577836800&period2=1615766400&interval=1d&filter=history&frequency=1d&includeAdjustedClose=true","Jan 05, 2021","521.55","520.80"
"1615856075-1852","https://finance.yahoo.com/quote/NFLX/history?period1=1577836800&period2=1615766400&interval=1d&filter=history&frequency=1d&includeAdjustedClose=true","Sep 18, 2020","472.51","469.96"
"1615856075-1972","https://finance.yahoo.com/quote/NFLX/history?period1=1577836800&period2=1615766400&interval=1d&filter=history&frequency=1d&includeAdjustedClose=true","Mar 30, 2020","363.00","370.96"
"1615856075-1814","https://finance.yahoo.com/quote/NFLX/history?period1=1577836800&period2=1615766400&interval=1d&filter=history&frequency=1d&includeAdjustedClose=true","Nov 11, 2020","483.00","490.76"
"1615856075-1935","https://finance.yahoo.com/quote/NFLX/history?period1=1577836800&period2=1615766400&interval=1d&filter=history&frequency=1d&includeAdjustedClose=true","May 21, 2020","448.56","436.25"
"1615856075-1957","https://finance.yahoo.com/quote/NFLX/history?period1=1577836800&period2=1615766400&interval=1d&filter=history&frequency=1d&includeAdjustedClose=true","Apr 21, 2020","444.77","433.83"
"1615856075-1827","https://finance.yahoo.com/quote/NFLX/history?period1=1577836800&period2=1615766400&interval=1d&filter=history&frequency=1d&includeAdjustedClose=true","Oct 23, 2020","488.11","488.28"
"1615856075-1963","https://finance.yahoo.com/quote/NFLX/history?period1=1577836800&period2=1615766400&interval=1d&filter=history&frequency=1d&includeAdjustedClose=true","Apr 13, 2020","371.31","396.72"
"1615856075-1791","https://finance.yahoo.com/quote/NFLX/history?period1=1577836800&period2=1615766400&interval=1d&filter=history&frequency=1d&includeAdjustedClose=true","Dec 15, 2020","518.50","519.78"
"1615856075-1882","https://finance.yahoo.com/quote/NFLX/history?period1=1577836800&period2=1615766400&interval=1d&filter=history&frequency=1d&includeAdjustedClose=true","Aug 06, 2020","504.11","509.08"
"1615856075-1903","https://finance.yahoo.com/quote/NFLX/history?period1=1577836800&period2=1615766400&interval=1d&filter=history&frequency=1d&includeAdjustedClose=true","Jul 08, 2020","498.58","502.78"
"1615856075-1864","https://finance.yahoo.com/quote/NFLX/history?period1=1577836800&period2=1615766400&interval=1d&filter=history&frequency=1d&includeAdjustedClose=true","Sep 01, 2020","532.60","556.55"
"1615856075-1809","https://finance.yahoo.com/quote/NFLX/history?period1=1577836800&period2=1615766400&interval=1d&filter=history&frequency=1d&includeAdjustedClose=true","Nov 18, 2020","481.95","481.79"
"1615856075-1786","https://finance.yahoo.com/quote/NFLX/history?period1=1577836800&period2=1615766400&interval=1d&filter=history&frequency=1d&includeAdjustedClose=true","Dec 22, 2020","527.69","527.33"
"1615856075-1917","https://finance.yahoo.com/quote/NFLX/history?period1=1577836800&period2=1615766400&interval=1d&filter=history&frequency=1d&includeAdjustedClose=true","Jun 17, 2020","441.82","447.77"
"1615856075-1969","https://finance.yahoo.com/quote/NFLX/history?period1=1577836800&period2=1615766400&interval=1d&filter=history&frequency=1d&includeAdjustedClose=true","Apr 02, 2020","364.08","370.08"
"1615856075-1812","https://finance.yahoo.com/quote/NFLX/history?period1=1577836800&period2=1615766400&interval=1d&filter=history&frequency=1d&includeAdjustedClose=true","Nov 13, 2020","486.77","482.84"
"1615856075-2025","https://finance.yahoo.com/quote/NFLX/history?period1=1577836800&period2=1615766400&interval=1d&filter=history&frequency=1d&includeAdjustedClose=true","Jan 13, 2020","331.80","338.92"
"1615856075-1959","https://finance.yahoo.com/quote/NFLX/history?period1=1577836800&period2=1615766400&interval=1d&filter=history&frequency=1d&includeAdjustedClose=true","Apr 17, 2020","431.00","422.96"
"1615856075-1884","https://finance.yahoo.com/quote/NFLX/history?period1=1577836800&period2=1615766400&interval=1d&filter=history&frequency=1d&includeAdjustedClose=true","Aug 04, 2020","498.65","509.64"
"1615856075-1930","https://finance.yahoo.com/quote/NFLX/history?period1=1577836800&period2=1615766400&interval=1d&filter=history&frequency=1d&includeAdjustedClose=true","May 29, 2020","417.46","419.73"
"1615856075-1866","https://finance.yahoo.com/quote/NFLX/history?period1=1577836800&period2=1615766400&interval=1d&filter=history&frequency=1d&includeAdjustedClose=true","Aug 28, 2020","532.00","523.89"
"1615856075-1803","https://finance.yahoo.com/quote/NFLX/history?period1=1577836800&period2=1615766400&interval=1d&filter=history&frequency=1d&includeAdjustedClose=true","Nov 27, 2020","486.58","491.36"
"1615856075-1926","https://finance.yahoo.com/quote/NFLX/history?period1=1577836800&period2=1615766400&interval=1d&filter=history&frequency=1d&includeAdjustedClose=true","Jun 04, 2020","422.39","414.33"
"1615856075-1733","https://finance.yahoo.com/quote/NFLX/history?period1=1577836800&period2=1615766400&interval=1d&filter=history&frequency=1d&includeAdjustedClose=true","Mar 11, 2021","512.20","523.06"
"1615856075-1736","https://finance.yahoo.com/quote/NFLX/history?period1=1577836800&period2=1615766400&interval=1d&filter=history&frequency=1d&includeAdjustedClose=true","Mar 08, 2021","514.46","493.33"
"1615856075-1944","https://finance.yahoo.com/quote/NFLX/history?period1=1577836800&period2=1615766400&interval=1d&filter=history&frequency=1d&includeAdjustedClose=true","May 08, 2020","434.14","435.55"
"1615856075-1946","https://finance.yahoo.com/quote/NFLX/history?period1=1577836800&period2=1615766400&interval=1d&filter=history&frequency=1d&includeAdjustedClose=true","May 06, 2020","429.30","434.26"
"1615856075-2021","https://finance.yahoo.com/quote/NFLX/history?period1=1577836800&period2=1615766400&interval=1d&filter=history&frequency=1d&includeAdjustedClose=true","Jan 17, 2020","341.00","339.67"
"1615856075-1860","https://finance.yahoo.com/quote/NFLX/history?period1=1577836800&period2=1615766400&interval=1d&filter=history&frequency=1d&includeAdjustedClose=true","Sep 08, 2020","498.40","507.02"
"1615856075-1998","https://finance.yahoo.com/quote/NFLX/history?period1=1577836800&period2=1615766400&interval=1d&filter=history&frequency=1d&includeAdjustedClose=true","Feb 21, 2020","385.33","380.07"
"1615856075-1909","https://finance.yahoo.com/quote/NFLX/history?period1=1577836800&period2=1615766400&interval=1d&filter=history&frequency=1d&includeAdjustedClose=true","Jun 29, 2020","445.23","447.24"
"1615856075-1752","https://finance.yahoo.com/quote/NFLX/history?period1=1577836800&period2=1615766400&interval=1d&filter=history&frequency=1d&includeAdjustedClose=true","Feb 11, 2021","564.44","557.59"
"1615856075-1753","https://finance.yahoo.com/quote/NFLX/history?period1=1577836800&period2=1615766400&interval=1d&filter=history&frequency=1d&includeAdjustedClose=true","Feb 10, 2021","562.50","563.59"
"1615856075-1971","https://finance.yahoo.com/quote/NFLX/history?period1=1577836800&period2=1615766400&interval=1d&filter=history&frequency=1d&includeAdjustedClose=true","Mar 31, 2020","367.93","375.50"
"1615856075-1747","https://finance.yahoo.com/quote/NFLX/history?period1=1577836800&period2=1615766400&interval=1d&filter=history&frequency=1d&includeAdjustedClose=true","Feb 19, 2021","548.00","540.22"
"1615856075-1834","https://finance.yahoo.com/quote/NFLX/history?period1=1577836800&period2=1615766400&interval=1d&filter=history&frequency=1d&includeAdjustedClose=true","Oct 14, 2020","562.61","541.45"
"1615856075-1910","https://finance.yahoo.com/quote/NFLX/history?period1=1577836800&period2=1615766400&interval=1d&filter=history&frequency=1d&includeAdjustedClose=true","Jun 26, 2020","466.39","443.40"
"1615856075-1947","https://finance.yahoo.com/quote/NFLX/history?period1=1577836800&period2=1615766400&interval=1d&filter=history&frequency=1d&includeAdjustedClose=true","May 05, 2020","427.56","424.68"
"1615856075-1849","https://finance.yahoo.com/quote/NFLX/history?period1=1577836800&period2=1615766400&interval=1d&filter=history&frequency=1d&includeAdjustedClose=true","Sep 23, 2020","491.04","470.61"
"1615856075-1806","https://finance.yahoo.com/quote/NFLX/history?period1=1577836800&period2=1615766400&interval=1d&filter=history&frequency=1d&includeAdjustedClose=true","Nov 23, 2020","490.46","476.62"
"1615856075-1902","https://finance.yahoo.com/quote/NFLX/history?period1=1577836800&period2=1615766400&interval=1d&filter=history&frequency=1d&includeAdjustedClose=true","Jul 09, 2020","508.40","507.76"
"1615856075-1782","https://finance.yahoo.com/quote/NFLX/history?period1=1577836800&period2=1615766400&interval=1d&filter=history&frequency=1d&includeAdjustedClose=true","Dec 29, 2020","519.90","530.87"
"1615856075-2013","https://finance.yahoo.com/quote/NFLX/history?period1=1577836800&period2=1615766400&interval=1d&filter=history&frequency=1d&includeAdjustedClose=true","Jan 30, 2020","341.10","347.74"
"1615856075-2010","https://finance.yahoo.com/quote/NFLX/history?period1=1577836800&period2=1615766400&interval=1d&filter=history&frequency=1d&includeAdjustedClose=true","Feb 04, 2020","361.00","369.01"
"1615856075-1757","https://finance.yahoo.com/quote/NFLX/history?period1=1577836800&period2=1615766400&interval=1d&filter=history&frequency=1d&includeAdjustedClose=true","Feb 04, 2021","539.81","552.16"
"1615856075-2030","https://finance.yahoo.com/quote/NFLX/history?period1=1577836800&period2=1615766400&interval=1d&filter=history&frequency=1d&includeAdjustedClose=true","Jan 06, 2020","323.12","335.83"
"1615856075-1953","https://finance.yahoo.com/quote/NFLX/history?period1=1577836800&period2=1615766400&interval=1d&filter=history&frequency=1d&includeAdjustedClose=true","Apr 27, 2020","425.00","421.38"
"1615856075-1789","https://finance.yahoo.com/quote/NFLX/history?period1=1577836800&period2=1615766400&interval=1d&filter=history&frequency=1d&includeAdjustedClose=true","Dec 17, 2020","529.00","532.90"
"1615856075-1914","https://finance.yahoo.com/quote/NFLX/history?period1=1577836800&period2=1615766400&interval=1d&filter=history&frequency=1d&includeAdjustedClose=true","Jun 22, 2020","455.01","468.04"
"1615856075-1776","https://finance.yahoo.com/quote/NFLX/history?period1=1577836800&period2=1615766400&interval=1d&filter=history&frequency=1d&includeAdjustedClose=true","Jan 07, 2021","508.28","508.89"
"1615856075-1773","https://finance.yahoo.com/quote/NFLX/history?period1=1577836800&period2=1615766400&interval=1d&filter=history&frequency=1d&includeAdjustedClose=true","Jan 12, 2021","500.00","494.25"
"1615856075-1871","https://finance.yahoo.com/quote/NFLX/history?period1=1577836800&period2=1615766400&interval=1d&filter=history&frequency=1d&includeAdjustedClose=true","Aug 21, 2020","496.46","492.31"
"1615856075-2015","https://finance.yahoo.com/quote/NFLX/history?period1=1577836800&period2=1615766400&interval=1d&filter=history&frequency=1d&includeAdjustedClose=true","Jan 28, 2020","345.88","348.52"
"1615856075-1748","https://finance.yahoo.com/quote/NFLX/history?period1=1577836800&period2=1615766400&interval=1d&filter=history&frequency=1d&includeAdjustedClose=true","Feb 18, 2021","549.00","548.22"
"1615856075-2009","https://finance.yahoo.com/quote/NFLX/history?period1=1577836800&period2=1615766400&interval=1d&filter=history&frequency=1d&includeAdjustedClose=true","Feb 05, 2020","375.13","369.67"
"1615856075-1768","https://finance.yahoo.com/quote/NFLX/history?period1=1577836800&period2=1615766400&interval=1d&filter=history&frequency=1d&includeAdjustedClose=true","Jan 20, 2021","565.42","586.34"
"1615856075-1758","https://finance.yahoo.com/quote/NFLX/history?period1=1577836800&period2=1615766400&interval=1d&filter=history&frequency=1d&includeAdjustedClose=true","Feb 03, 2021","550.17","539.45"
"1615856075-1931","https://finance.yahoo.com/quote/NFLX/history?period1=1577836800&period2=1615766400&interval=1d&filter=history&frequency=1d&includeAdjustedClose=true","May 28, 2020","417.24","413.44"
"1615856075-2029","https://finance.yahoo.com/quote/NFLX/history?period1=1577836800&period2=1615766400&interval=1d&filter=history&frequency=1d&includeAdjustedClose=true","Jan 07, 2020","336.47","330.75"
"1615856075-1897","https://finance.yahoo.com/quote/NFLX/history?period1=1577836800&period2=1615766400&interval=1d&filter=history&frequency=1d&includeAdjustedClose=true","Jul 16, 2020","526.48","527.39"
"1615856075-1779","https://finance.yahoo.com/quote/NFLX/history?period1=1577836800&period2=1615766400&interval=1d&filter=history&frequency=1d&includeAdjustedClose=true","Jan 04, 2021","539.00","522.86"
"1615856075-1848","https://finance.yahoo.com/quote/NFLX/history?period1=1577836800&period2=1615766400&interval=1d&filter=history&frequency=1d&includeAdjustedClose=true","Sep 24, 2020","470.53","473.08"
"1615856075-1982","https://finance.yahoo.com/quote/NFLX/history?period1=1577836800&period2=1615766400&interval=1d&filter=history&frequency=1d&includeAdjustedClose=true","Mar 16, 2020","306.63","298.84"
"1615856075-1966","https://finance.yahoo.com/quote/NFLX/history?period1=1577836800&period2=1615766400&interval=1d&filter=history&frequency=1d&includeAdjustedClose=true","Apr 07, 2020","380.00","372.28"
"1615856075-1861","https://finance.yahoo.com/quote/NFLX/history?period1=1577836800&period2=1615766400&interval=1d&filter=history&frequency=1d&includeAdjustedClose=true","Sep 04, 2020","520.18","516.05"
"1615856075-1821","https://finance.yahoo.com/quote/NFLX/history?period1=1577836800&period2=1615766400&interval=1d&filter=history&frequency=1d&includeAdjustedClose=true","Nov 02, 2020","478.87","484.12"
"1615856075-1766","https://finance.yahoo.com/quote/NFLX/history?period1=1577836800&period2=1615766400&interval=1d&filter=history&frequency=1d&includeAdjustedClose=true","Jan 22, 2021","582.10","565.17"
"1615856075-1815","https://finance.yahoo.com/quote/NFLX/history?period1=1577836800&period2=1615766400&interval=1d&filter=history&frequency=1d&includeAdjustedClose=true","Nov 10, 2020","470.95","480.24"
"1615856075-1734","https://finance.yahoo.com/quote/NFLX/history?period1=1577836800&period2=1615766400&interval=1d&filter=history&frequency=1d&includeAdjustedClose=true","Mar 10, 2021","513.50","504.54"
"1615856075-1801","https://finance.yahoo.com/quote/NFLX/history?period1=1577836800&period2=1615766400&interval=1d&filter=history&frequency=1d&includeAdjustedClose=true","Dec 01, 2020","492.34","504.58"
"1615856075-2020","https://finance.yahoo.com/quote/NFLX/history?period1=1577836800&period2=1615766400&interval=1d&filter=history&frequency=1d&includeAdjustedClose=true","Jan 21, 2020","340.00","338.11"
"1615856075-1929","https://finance.yahoo.com/quote/NFLX/history?period1=1577836800&period2=1615766400&interval=1d&filter=history&frequency=1d&includeAdjustedClose=true","Jun 01, 2020","418.83","425.92"
"1615856075-1924","https://finance.yahoo.com/quote/NFLX/history?period1=1577836800&period2=1615766400&interval=1d&filter=history&frequency=1d&includeAdjustedClose=true","Jun 08, 2020","416.00","419.49"
"1615856075-1781","https://finance.yahoo.com/quote/NFLX/history?period1=1577836800&period2=1615766400&interval=1d&filter=history&frequency=1d&includeAdjustedClose=true","Dec 30, 2020","530.13","524.59"
"1615856075-1858","https://finance.yahoo.com/quote/NFLX/history?period1=1577836800&period2=1615766400&interval=1d&filter=history&frequency=1d&includeAdjustedClose=true","Sep 10, 2020","503.35","480.67"
"1615856075-1925","https://finance.yahoo.com/quote/NFLX/history?period1=1577836800&period2=1615766400&interval=1d&filter=history&frequency=1d&includeAdjustedClose=true","Jun 05, 2020","407.29","419.60"
"1615856075-1988","https://finance.yahoo.com/quote/NFLX/history?period1=1577836800&period2=1615766400&interval=1d&filter=history&frequency=1d&includeAdjustedClose=true","Mar 06, 2020","367.70","368.97"
"1615856075-1761","https://finance.yahoo.com/quote/NFLX/history?period1=1577836800&period2=1615766400&interval=1d&filter=history&frequency=1d&includeAdjustedClose=true","Jan 29, 2021","538.00","532.39"
"1615856075-1765","https://finance.yahoo.com/quote/NFLX/history?period1=1577836800&period2=1615766400&interval=1d&filter=history&frequency=1d&includeAdjustedClose=true","Jan 25, 2021","567.00","556.78"
"1615856075-1783","https://finance.yahoo.com/quote/NFLX/history?period1=1577836800&period2=1615766400&interval=1d&filter=history&frequency=1d&includeAdjustedClose=true","Dec 28, 2020","516.43","519.12"
"1615856075-1825","https://finance.yahoo.com/quote/NFLX/history?period1=1577836800&period2=1615766400&interval=1d&filter=history&frequency=1d&includeAdjustedClose=true","Oct 27, 2020","490.01","488.93"
"1615856075-1847","https://finance.yahoo.com/quote/NFLX/history?period1=1577836800&period2=1615766400&interval=1d&filter=history&frequency=1d&includeAdjustedClose=true","Sep 25, 2020","474.39","482.88"
"1615856075-1874","https://finance.yahoo.com/quote/NFLX/history?period1=1577836800&period2=1615766400&interval=1d&filter=history&frequency=1d&includeAdjustedClose=true","Aug 18, 2020","484.35","491.87"
"1615856075-2014","https://finance.yahoo.com/quote/NFLX/history?period1=1577836800&period2=1615766400&interval=1d&filter=history&frequency=1d&includeAdjustedClose=true","Jan 29, 2020","349.00","343.16"
"1615856075-1951","https://finance.yahoo.com/quote/NFLX/history?period1=1577836800&period2=1615766400&interval=1d&filter=history&frequency=1d&includeAdjustedClose=true","Apr 29, 2020","399.53","411.89"
"1615856075-1952","https://finance.yahoo.com/quote/NFLX/history?period1=1577836800&period2=1615766400&interval=1d&filter=history&frequency=1d&includeAdjustedClose=true","Apr 28, 2020","419.99","403.83"
"1615856075-1745","https://finance.yahoo.com/quote/NFLX/history?period1=1577836800&period2=1615766400&interval=1d&filter=history&frequency=1d&includeAdjustedClose=true","Feb 23, 2021","525.00","546.15"
"1615856075-1743","https://finance.yahoo.com/quote/NFLX/history?period1=1577836800&period2=1615766400&interval=1d&filter=history&frequency=1d&includeAdjustedClose=true","Feb 25, 2021","550.27","546.70"
